ADM_CD,행정동코드,시군구,행정동1,행정동2,key1,key2
11010720.0,1111051500,종로구,청운효자동,청운효자동,종로구 청운효자동,종로구 청운효자동
11010530.0,1111053000,종로구,사직동,사직동,종로구 사직동,종로구 사직동
11010540.0,1111054000,종로구,삼청동,삼청동,종로구 삼청동,종로구 삼청동
11010550.0,1111055000,종로구,부암동,부암동,종로구 부암동,종로구 부암동
11010560.0,1111056000,종로구,평창동,평창동,종로구 평창동,종로구 평창동
11010570.0,1111057000,종로구,무악동,무악동,종로구 무악동,종로구 무악동
11010580.0,1111058000,종로구,교남동,교남동,종로구 교남동,종로구 교남동
11010600.0,1111060000,종로구,가회동,가회동,종로구 가회동,종로구 가회동
11010610.0,1111061500,종로구,종로1234가동,종로1234가동,종로구 종로1234가동,종로구 종로1234가동
11010630.0,1111063000,종로구,종로56가동,종로56가동,종로구 종로56가동,종로구 종로56가동
11010640.0,1111064000,종로구,이화동,이화동,종로구 이화동,종로구 이화동
11010730.0,1111065000,종로구,혜화동,혜화동,종로구 혜화동,종로구 혜화동
11010670.0,1111067000,종로구,창신1동,창신제1동,종로구 창신1동,종로구 창신제1동
11010680.0,1111068000,종로구,창신2동,창신제2동,종로구 창신2동,종로구 창신제2동
11010690.0,1111069000,종로구,창신3동,창신제3동,종로구 창신3동,종로구 창신제3동
11010700.0,1111070000,종로구,숭인1동,숭인제1동,종로구 숭인1동,종로구 숭인제1동
11010710.0,1111071000,종로구,숭인2동,숭인제2동,종로구 숭인2동,종로구 숭인제2동
11020520.0,1114052000,중구,소공동,소공동,중구 소공동,중구 소공동
11020540.0,1114054000,중구,회현동,회현동,중구 회현동,중구 회현동
11020550.0,1114055000,중구,명동,명동,중구 명동,중구 명동
11020570.0,1114057000,중구,필동,필동,중구 필동,중구 필동
11020580.0,1114058000,중구,장충동,장충동,중구 장충동,중구 장충동
11020590.0,1114059000,중구,광희동,광희동,중구 광희동,중구 광희동
11020600.0,1114060500,중구,을지로동,을지로동,중구 을지로동,중구 을지로동
11020690.0,1114061500,중구,신당동,신당동,중구 신당동,중구 신당동
11020700.0,1114062500,중구,다산동,다산동,중구 다산동,중구 다산동
11020710.0,1114063500,중구,약수동,약수동,중구 약수동,중구 약수동
11020720.0,1114064500,중구,청구동,청구동,중구 청구동,중구 청구동
11020650.0,1114065000,중구,신당5동,신당제5동,중구 신당5동,중구 신당제5동
11020730.0,1114066500,중구,동화동,동화동,중구 동화동,중구 동화동
11020670.0,1114067000,중구,황학동,황학동,중구 황학동,중구 황학동
11020680.0,1114068000,중구,중림동,중림동,중구 중림동,중구 중림동
11030510.0,1117051000,용산구,후암동,후암동,용산구 후암동,용산구 후암동
11030520.0,1117052000,용산구,용산2가동,용산2가동,용산구 용산2가동,용산구 용산2가동
11030530.0,1117053000,용산구,남영동,남영동,용산구 남영동,용산구 남영동
11030710.0,1117055500,용산구,청파동,청파동,용산구 청파동,용산구 청파동
11030720.0,1117056000,용산구,원효로1동,원효로제1동,용산구 원효로1동,용산구 원효로제1동
11030570.0,1117057000,용산구,원효로2동,원효로제2동,용산구 원효로2동,용산구 원효로제2동
11030580.0,1117058000,용산구,효창동,효창동,용산구 효창동,용산구 효창동
11030590.0,1117059000,용산구,용문동,용문동,용산구 용문동,용산구 용문동
11030730.0,1117062500,용산구,한강로동,한강로동,용산구 한강로동,용산구 한강로동
11030630.0,1117063000,용산구,이촌1동,이촌제1동,용산구 이촌1동,용산구 이촌제1동
11030640.0,1117064000,용산구,이촌2동,이촌제2동,용산구 이촌2동,용산구 이촌제2동
11030650.0,1117065000,용산구,이태원1동,이태원제1동,용산구 이태원1동,용산구 이태원제1동
11030660.0,1117066000,용산구,이태원2동,이태원제2동,용산구 이태원2동,용산구 이태원제2동
11030740.0,1117068500,용산구,한남동,한남동,용산구 한남동,용산구 한남동
11030690.0,1117069000,용산구,서빙고동,서빙고동,용산구 서빙고동,용산구 서빙고동
11030700.0,1117070000,용산구,보광동,보광동,용산구 보광동,용산구 보광동
11040520.0,1120052000,성동구,왕십리2동,왕십리제2동,성동구 왕십리2동,성동구 왕십리제2동
11040710.0,1120053500,성동구,왕십리도선동,왕십리도선동,성동구 왕십리도선동,성동구 왕십리도선동
11040540.0,1120054000,성동구,마장동,마장동,성동구 마장동,성동구 마장동
11040550.0,1120055000,성동구,사근동,사근동,성동구 사근동,성동구 사근동
11040560.0,1120056000,성동구,행당1동,행당제1동,성동구 행당1동,성동구 행당제1동
11040570.0,1120057000,성동구,행당2동,행당제2동,성동구 행당2동,성동구 행당제2동
11040580.0,1120058000,성동구,응봉동,응봉동,성동구 응봉동,성동구 응봉동
11040590.0,1120059000,성동구,금호1가동,금호1가동,성동구 금호1가동,성동구 금호1가동
11040720.0,1120061500,성동구,금호23가동,금호23가동,성동구 금호23가동,성동구 금호23가동
11040620.0,1120062000,성동구,금호4가동,금호4가동,성동구 금호4가동,성동구 금호4가동
11040730.0,1120064500,성동구,옥수동,옥수동,성동구 옥수동,성동구 옥수동
11040650.0,1120065000,성동구,성수1가1동,성수1가제1동,성동구 성수1가1동,성동구 성수1가제1동
11040660.0,1120066000,성동구,성수1가2동,성수1가제2동,성동구 성수1가2동,성동구 성수1가제2동
11040670.0,1120067000,성동구,성수2가1동,성수2가제1동,성동구 성수2가1동,성동구 성수2가제1동
11040680.0,1120069000,성동구,성수2가3동,성수2가제3동,성동구 성수2가3동,성동구 성수2가제3동
11040690.0,1120072000,성동구,송정동,송정동,성동구 송정동,성동구 송정동
11040700.0,1120079000,성동구,용답동,용답동,성동구 용답동,성동구 용답동
11050530.0,1121571000,광진구,화양동,화양동,광진구 화양동,광진구 화양동
11050540.0,1121573000,광진구,군자동,군자동,광진구 군자동,광진구 군자동
11050550.0,1121574000,광진구,중곡1동,중곡제1동,광진구 중곡1동,광진구 중곡제1동
11050560.0,1121575000,광진구,중곡2동,중곡제2동,광진구 중곡2동,광진구 중곡제2동
11050570.0,1121576000,광진구,중곡3동,중곡제3동,광진구 중곡3동,광진구 중곡제3동
11050580.0,1121577000,광진구,중곡4동,중곡제4동,광진구 중곡4동,광진구 중곡제4동
11050590.0,1121578000,광진구,능동,능동,광진구 능동,광진구 능동
11050630.0,1121581000,광진구,광장동,광장동,광진구 광장동,광진구 광장동
11050640.0,1121582000,광진구,자양1동,자양제1동,광진구 자양1동,광진구 자양제1동
11050650.0,1121583000,광진구,자양2동,자양제2동,광진구 자양2동,광진구 자양제2동
11050660.0,1121584000,광진구,자양3동,자양제3동,광진구 자양3동,광진구 자양제3동
11050670.0,1121584700,광진구,자양4동,자양제4동,광진구 자양4동,광진구 자양제4동
11050600.0,1121585000,광진구,구의1동,구의제1동,광진구 구의1동,광진구 구의제1동
11050610.0,1121586000,광진구,구의2동,구의제2동,광진구 구의2동,광진구 구의제2동
11050620.0,1121587000,광진구,구의3동,구의제3동,광진구 구의3동,광진구 구의제3동
11060810.0,1123053600,동대문구,용신동,용신동,동대문구 용신동,동대문구 용신동
11060820.0,1123054500,동대문구,제기동,제기동,동대문구 제기동,동대문구 제기동
11060830.0,1123056000,동대문구,전농1동,전농제1동,동대문구 전농1동,동대문구 전농제1동
11060840.0,1123057000,동대문구,전농2동,전농제2동,동대문구 전농2동,동대문구 전농제2동
11060910.0,1123060000,동대문구,답십리1동,답십리제1동,동대문구 답십리1동,동대문구 답십리제1동
11060860.0,1123061000,동대문구,답십리2동,답십리제2동,동대문구 답십리2동,동대문구 답십리제2동
11060870.0,1123065000,동대문구,장안1동,장안제1동,동대문구 장안1동,동대문구 장안제1동
11060880.0,1123066000,동대문구,장안2동,장안제2동,동대문구 장안2동,동대문구 장안제2동
11060800.0,1123070500,동대문구,청량리동,청량리동,동대문구 청량리동,동대문구 청량리동
11060710.0,1123071000,동대문구,회기동,회기동,동대문구 회기동,동대문구 회기동
11060720.0,1123072000,동대문구,휘경1동,휘경제1동,동대문구 휘경1동,동대문구 휘경제1동
11060730.0,1123073000,동대문구,휘경2동,휘경제2동,동대문구 휘경2동,동대문구 휘경제2동
11060890.0,1123074000,동대문구,이문1동,이문제1동,동대문구 이문1동,동대문구 이문제1동
11060900.0,1123075000,동대문구,이문2동,이문제2동,동대문구 이문2동,동대문구 이문제2동
11070520.0,1126052000,중랑구,면목2동,면목제2동,중랑구 면목2동,중랑구 면목제2동
11070540.0,1126054000,중랑구,면목4동,면목제4동,중랑구 면목4동,중랑구 면목제4동
11070550.0,1126055000,중랑구,면목5동,면목제5동,중랑구 면목5동,중랑구 면목제5동
11070710.0,1126056500,중랑구,면목본동,면목본동,중랑구 면목본동,중랑구 면목본동
11070570.0,1126057000,중랑구,면목7동,면목제7동,중랑구 면목7동,중랑구 면목제7동
11070720.0,1126057500,중랑구,면목38동,면목제38동,중랑구 면목38동,중랑구 면목제38동
11070590.0,1126058000,중랑구,상봉1동,상봉제1동,중랑구 상봉1동,중랑구 상봉제1동
11070600.0,1126059000,중랑구,상봉2동,상봉제2동,중랑구 상봉2동,중랑구 상봉제2동
11070610.0,1126060000,중랑구,중화1동,중화제1동,중랑구 중화1동,중랑구 중화제1동
11070620.0,1126061000,중랑구,중화2동,중화제2동,중랑구 중화2동,중랑구 중화제2동
11070640.0,1126062000,중랑구,묵1동,묵제1동,중랑구 묵1동,중랑구 묵제1동
11070650.0,1126063000,중랑구,묵2동,묵제2동,중랑구 묵2동,중랑구 묵제2동
11070730.0,1126065500,중랑구,망우본동,망우본동,중랑구 망우본동,중랑구 망우본동
11070680.0,1126066000,중랑구,망우3동,망우제3동,중랑구 망우3동,중랑구 망우제3동
11070690.0,1126068000,중랑구,신내1동,신내1동,중랑구 신내1동,중랑구 신내1동
11070700.0,1126069000,중랑구,신내2동,신내2동,중랑구 신내2동,중랑구 신내2동
11080810.0,1129052500,성북구,성북동,성북동,성북구 성북동,성북구 성북동
11080820.0,1129055500,성북구,삼선동,삼선동,성북구 삼선동,성북구 삼선동
11080830.0,1129057500,성북구,동선동,동선동,성북구 동선동,성북구 동선동
11080580.0,1129058000,성북구,돈암1동,돈암제1동,성북구 돈암1동,성북구 돈암제1동
11080590.0,1129059000,성북구,돈암2동,돈암제2동,성북구 돈암2동,성북구 돈암제2동
11080600.0,1129060000,성북구,안암동,안암동,성북구 안암동,성북구 안암동
11080610.0,1129061000,성북구,보문동,보문동,성북구 보문동,성북구 보문동
11080620.0,1129062000,성북구,정릉1동,정릉제1동,성북구 정릉1동,성북구 정릉제1동
11080630.0,1129063000,성북구,정릉2동,정릉제2동,성북구 정릉2동,성북구 정릉제2동
11080640.0,1129064000,성북구,정릉3동,정릉제3동,성북구 정릉3동,성북구 정릉제3동
11080650.0,1129065000,성북구,정릉4동,정릉제4동,성북구 정릉4동,성북구 정릉제4동
11080660.0,1129066000,성북구,길음1동,길음제1동,성북구 길음1동,성북구 길음제1동
11080680.0,1129068500,성북구,길음2동,길음제2동,성북구 길음2동,성북구 길음제2동
11080840.0,1129070500,성북구,종암동,종암동,성북구 종암동,성북구 종암동
11080710.0,1129071500,성북구,월곡1동,월곡제1동,성북구 월곡1동,성북구 월곡제1동
11080720.0,1129072500,성북구,월곡2동,월곡제2동,성북구 월곡2동,성북구 월곡제2동
11080760.0,1129076000,성북구,장위1동,장위제1동,성북구 장위1동,성북구 장위제1동
11080770.0,1129077000,성북구,장위2동,장위제2동,성북구 장위2동,성북구 장위제2동
11080780.0,1129078000,성북구,장위3동,장위제3동,성북구 장위3동,성북구 장위제3동
11080850.0,1129081000,성북구,석관동,석관동,성북구 석관동,성북구 석관동
11090690.0,1130553400,강북구,삼양동,삼양동,강북구 삼양동,강북구 삼양동
11090700.0,1130553500,강북구,미아동,미아동,강북구 미아동,강북구 미아동
11090710.0,1130554500,강북구,송중동,송중동,강북구 송중동,강북구 송중동
11090720.0,1130555500,강북구,송천동,송천동,강북구 송천동,강북구 송천동
11090730.0,1130557500,강북구,삼각산동,삼각산동,강북구 삼각산동,강북구 삼각산동
11090600.0,1130559500,강북구,번1동,번1동,강북구 번1동,강북구 번1동
11090610.0,1130560300,강북구,번2동,번2동,강북구 번2동,강북구 번2동
11090620.0,1130560800,강북구,번3동,번3동,강북구 번3동,강북구 번3동
11090630.0,1130561500,강북구,수유1동,수유1동,강북구 수유1동,강북구 수유1동
11090640.0,1130562500,강북구,수유2동,수유2동,강북구 수유2동,강북구 수유2동
11090650.0,1130563500,강북구,수유3동,수유3동,강북구 수유3동,강북구 수유3동
11090740.0,1130564500,강북구,우이동,우이동,강북구 우이동,강북구 우이동
11090750.0,1130566000,강북구,인수동,인수동,강북구 인수동,강북구 인수동
11100590.0,1132051100,도봉구,창1동,창제1동,도봉구 창1동,도봉구 창제1동
11100600.0,1132051200,도봉구,창2동,창제2동,도봉구 창2동,도봉구 창제2동
11100610.0,1132051300,도봉구,창3동,창제3동,도봉구 창3동,도봉구 창제3동
11100620.0,1132051400,도봉구,창4동,창제4동,도봉구 창4동,도봉구 창제4동
11100630.0,1132051500,도봉구,창5동,창제5동,도봉구 창5동,도봉구 창제5동
11100640.0,1132052100,도봉구,도봉1동,도봉제1동,도봉구 도봉1동,도봉구 도봉제1동
11100650.0,1132052200,도봉구,도봉2동,도봉제2동,도봉구 도봉2동,도봉구 도봉제2동
11100510.0,1132066000,도봉구,쌍문1동,쌍문제1동,도봉구 쌍문1동,도봉구 쌍문제1동
11100520.0,1132067000,도봉구,쌍문2동,쌍문제2동,도봉구 쌍문2동,도봉구 쌍문제2동
11100530.0,1132068000,도봉구,쌍문3동,쌍문제3동,도봉구 쌍문3동,도봉구 쌍문제3동
11100540.0,1132068100,도봉구,쌍문4동,쌍문제4동,도봉구 쌍문4동,도봉구 쌍문제4동
11100550.0,1132069000,도봉구,방학1동,방학제1동,도봉구 방학1동,도봉구 방학제1동
11100560.0,1132070000,도봉구,방학2동,방학제2동,도봉구 방학2동,도봉구 방학제2동
11100570.0,1132071000,도봉구,방학3동,방학제3동,도봉구 방학3동,도봉구 방학제3동
11110510.0,1135056000,노원구,월계1동,월계1동,노원구 월계1동,노원구 월계1동
11110520.0,1135057000,노원구,월계2동,월계2동,노원구 월계2동,노원구 월계2동
11110530.0,1135058000,노원구,월계3동,월계3동,노원구 월계3동,노원구 월계3동
11110790.0,1135059500,노원구,공릉1동,공릉1동,노원구 공릉1동,노원구 공릉1동
11110560.0,1135060000,노원구,공릉2동,공릉2동,노원구 공릉2동,노원구 공릉2동
11110580.0,1135061100,노원구,하계1동,하계1동,노원구 하계1동,노원구 하계1동
11110590.0,1135061200,노원구,하계2동,하계2동,노원구 하계2동,노원구 하계2동
11110600.0,1135061900,노원구,중계본동,중계본동,노원구 중계본동,노원구 중계본동
11110610.0,1135062100,노원구,중계1동,중계1동,노원구 중계1동,노원구 중계1동
11110640.0,1135062400,노원구,중계4동,중계4동,노원구 중계4동,노원구 중계4동
11110780.0,1135062500,노원구,중계23동,중계23동,노원구 중계23동,노원구 중계23동
11110650.0,1135063000,노원구,상계1동,상계1동,노원구 상계1동,노원구 상계1동
11110660.0,1135064000,노원구,상계2동,상계2동,노원구 상계2동,노원구 상계2동
11110760.0,1135066500,노원구,상계34동,상계34동,노원구 상계34동,노원구 상계34동
11110690.0,1135067000,노원구,상계5동,상계5동,노원구 상계5동,노원구 상계5동
11110770.0,1135069500,노원구,상계67동,상계67동,노원구 상계67동,노원구 상계67동
11110720.0,1135070000,노원구,상계8동,상계8동,노원구 상계8동,노원구 상계8동
11110730.0,1135071000,노원구,상계9동,상계9동,노원구 상계9동,노원구 상계9동
11110740.0,1135072000,노원구,상계10동,상계10동,노원구 상계10동,노원구 상계10동
11120510.0,1138051000,은평구,녹번동,녹번동,은평구 녹번동,은평구 녹번동
11120520.0,1138052000,은평구,불광1동,불광제1동,은평구 불광1동,은평구 불광제1동
11120720.0,1138053000,은평구,불광2동,불광제2동,은평구 불광2동,은평구 불광제2동
11120550.0,1138055100,은평구,갈현1동,갈현제1동,은평구 갈현1동,은평구 갈현제1동
11120560.0,1138055200,은평구,갈현2동,갈현제2동,은평구 갈현2동,은평구 갈현제2동
11120570.0,1138056000,은평구,구산동,구산동,은평구 구산동,은평구 구산동
11120580.0,1138057000,은평구,대조동,대조동,은평구 대조동,은평구 대조동
11120590.0,1138058000,은평구,응암1동,응암제1동,은평구 응암1동,은평구 응암제1동
11120600.0,1138059000,은평구,응암2동,응암제2동,은평구 응암2동,은평구 응암제2동
11120730.0,1138060000,은평구,응암3동,응암제3동,은평구 응암3동,은평구 응암제3동
11120740.0,1138062500,은평구,역촌동,역촌동,은평구 역촌동,은평구 역촌동
11120650.0,1138063100,은평구,신사1동,신사제1동,은평구 신사1동,은평구 신사제1동
11120660.0,1138063200,은평구,신사2동,신사제2동,은평구 신사2동,은평구 신사제2동
11120670.0,1138064000,은평구,증산동,증산동,은평구 증산동,은평구 증산동
11120680.0,1138065000,은평구,수색동,수색동,은평구 수색동,은평구 수색동
11120710.0,1138069000,은평구,진관동,진관동,은평구 진관동,은평구 진관동
11130520.0,1141052000,서대문구,천연동,천연동,서대문구 천연동,서대문구 천연동
11130740.0,1141055500,서대문구,북아현동,북아현동,서대문구 북아현동,서대문구 북아현동
11130730.0,1141056500,서대문구,충현동,충현동,서대문구 충현동,서대문구 충현동
11130750.0,1141058500,서대문구,신촌동,신촌동,서대문구 신촌동,서대문구 신촌동
11130760.0,1141061500,서대문구,연희동,연희동,서대문구 연희동,서대문구 연희동
11130620.0,1141062000,서대문구,홍제1동,홍제제1동,서대문구 홍제1동,서대문구 홍제제1동
11130640.0,1141064000,서대문구,홍제3동,홍제제3동,서대문구 홍제3동,서대문구 홍제제3동
11130650.0,1141065500,서대문구,홍제2동,홍제제2동,서대문구 홍제2동,서대문구 홍제제2동
11130660.0,1141066000,서대문구,홍은1동,홍은제1동,서대문구 홍은1동,서대문구 홍은제1동
11130680.0,1141068500,서대문구,홍은2동,홍은제2동,서대문구 홍은2동,서대문구 홍은제2동
11130690.0,1141069000,서대문구,남가좌1동,남가좌제1동,서대문구 남가좌1동,서대문구 남가좌제1동
11130700.0,1141070000,서대문구,남가좌2동,남가좌제2동,서대문구 남가좌2동,서대문구 남가좌제2동
11130710.0,1141071000,서대문구,북가좌1동,북가좌제1동,서대문구 북가좌1동,서대문구 북가좌제1동
11130720.0,1141072000,서대문구,북가좌2동,북가좌제2동,서대문구 북가좌2동,서대문구 북가좌제2동
11140780.0,1144055500,마포구,아현동,아현동,마포구 아현동,마포구 아현동
11140770.0,1144056500,마포구,공덕동,공덕동,마포구 공덕동,마포구 공덕동
11140750.0,1144058500,마포구,도화동,도화동,마포구 도화동,마포구 도화동
11140590.0,1144059000,마포구,용강동,용강동,마포구 용강동,마포구 용강동
11140600.0,1144060000,마포구,대흥동,대흥동,마포구 대흥동,마포구 대흥동
11140610.0,1144061000,마포구,염리동,염리동,마포구 염리동,마포구 염리동
11140630.0,1144063000,마포구,신수동,신수동,마포구 신수동,마포구 신수동
11140760.0,1144065500,마포구,서강동,서강동,마포구 서강동,마포구 서강동
11140660.0,1144066000,마포구,서교동,서교동,마포구 서교동,마포구 서교동
11140680.0,1144068000,마포구,합정동,합정동,마포구 합정동,마포구 합정동
11140690.0,1144069000,마포구,망원1동,망원제1동,마포구 망원1동,마포구 망원제1동
11140700.0,1144070000,마포구,망원2동,망원제2동,마포구 망원2동,마포구 망원제2동
11140710.0,1144071000,마포구,연남동,연남동,마포구 연남동,마포구 연남동
11140720.0,1144072000,마포구,성산1동,성산제1동,마포구 성산1동,마포구 성산제1동
11140730.0,1144073000,마포구,성산2동,성산제2동,마포구 성산2동,마포구 성산제2동
11140740.0,1144074000,마포구,상암동,상암동,마포구 상암동,마포구 상암동
11150510.0,1147051000,양천구,목1동,목1동,양천구 목1동,양천구 목1동
11150520.0,1147052000,양천구,목2동,목2동,양천구 목2동,양천구 목2동
11150530.0,1147053000,양천구,목3동,목3동,양천구 목3동,양천구 목3동
11150540.0,1147054000,양천구,목4동,목4동,양천구 목4동,양천구 목4동
11150710.0,1147055000,양천구,목5동,목5동,양천구 목5동,양천구 목5동
11150570.0,1147056000,양천구,신월1동,신월1동,양천구 신월1동,양천구 신월1동
11150580.0,1147057000,양천구,신월2동,신월2동,양천구 신월2동,양천구 신월2동
11150590.0,1147058000,양천구,신월3동,신월3동,양천구 신월3동,양천구 신월3동
11150600.0,1147059000,양천구,신월4동,신월4동,양천구 신월4동,양천구 신월4동
11150610.0,1147060000,양천구,신월5동,신월5동,양천구 신월5동,양천구 신월5동
11150620.0,1147061000,양천구,신월6동,신월6동,양천구 신월6동,양천구 신월6동
11150630.0,1147061100,양천구,신월7동,신월7동,양천구 신월7동,양천구 신월7동
11150640.0,1147062000,양천구,신정1동,신정1동,양천구 신정1동,양천구 신정1동
11150650.0,1147063000,양천구,신정2동,신정2동,양천구 신정2동,양천구 신정2동
11150660.0,1147064000,양천구,신정3동,신정3동,양천구 신정3동,양천구 신정3동
11150720.0,1147065000,양천구,신정4동,신정4동,양천구 신정4동,양천구 신정4동
11150690.0,1147067000,양천구,신정6동,신정6동,양천구 신정6동,양천구 신정6동
11150700.0,1147068000,양천구,신정7동,신정7동,양천구 신정7동,양천구 신정7동
11160510.0,1150051000,강서구,염창동,염창동,강서구 염창동,강서구 염창동
11160520.0,1150052000,강서구,등촌1동,등촌제1동,강서구 등촌1동,강서구 등촌제1동
11160530.0,1150053000,강서구,등촌2동,등촌제2동,강서구 등촌2동,강서구 등촌제2동
11160540.0,1150053500,강서구,등촌3동,등촌제3동,강서구 등촌3동,강서구 등촌제3동
11160730.0,1150054000,강서구,화곡1동,화곡제1동,강서구 화곡1동,강서구 화곡제1동
11160570.0,1150055000,강서구,화곡2동,화곡제2동,강서구 화곡2동,강서구 화곡제2동
11160580.0,1150056000,강서구,화곡3동,화곡제3동,강서구 화곡3동,강서구 화곡제3동
11160590.0,1150057000,강서구,화곡4동,화곡제4동,강서구 화곡4동,강서구 화곡제4동
11160550.0,1150059000,강서구,화곡본동,화곡본동,강서구 화곡본동,강서구 화곡본동
11160610.0,1150059100,강서구,화곡6동,화곡제6동,강서구 화곡6동,강서구 화곡제6동
11160630.0,1150059300,강서구,화곡8동,화곡제8동,강서구 화곡8동,강서구 화곡제8동
11160640.0,1150060300,강서구,가양1동,가양제1동,강서구 가양1동,강서구 가양제1동
11160650.0,1150060400,강서구,가양2동,가양제2동,강서구 가양2동,강서구 가양제2동
11160660.0,1150060500,강서구,가양3동,가양제3동,강서구 가양3동,강서구 가양제3동
11160670.0,1150061100,강서구,발산1동,발산제1동,강서구 발산1동,강서구 발산제1동
11160740.0,1150061500,강서구,우장산동,우장산동,강서구 우장산동,강서구 우장산동
11160690.0,1150062000,강서구,공항동,공항동,강서구 공항동,강서구 공항동
11160700.0,1150063000,강서구,방화1동,방화제1동,강서구 방화1동,강서구 방화제1동
11160710.0,1150064000,강서구,방화2동,방화제2동,강서구 방화2동,강서구 방화제2동
11160720.0,1150064100,강서구,방화3동,방화제3동,강서구 방화3동,강서구 방화제3동
11170510.0,1153051000,구로구,신도림동,신도림동,구로구 신도림동,구로구 신도림동
11170520.0,1153052000,구로구,구로1동,구로제1동,구로구 구로1동,구로구 구로제1동
11170710.0,1153053000,구로구,구로2동,구로제2동,구로구 구로2동,구로구 구로제2동
11170540.0,1153054000,구로구,구로3동,구로제3동,구로구 구로3동,구로구 구로제3동
11170550.0,1153055000,구로구,구로4동,구로제4동,구로구 구로4동,구로구 구로제4동
11170560.0,1153056000,구로구,구로5동,구로제5동,구로구 구로5동,구로구 구로제5동
11170700.0,1153059500,구로구,가리봉동,가리봉동,구로구 가리봉동,구로구 가리봉동
11170610.0,1153072000,구로구,고척1동,고척제1동,구로구 고척1동,구로구 고척제1동
11170620.0,1153073000,구로구,고척2동,고척제2동,구로구 고척2동,구로구 고척제2동
11170720.0,1153074000,구로구,개봉1동,개봉제1동,구로구 개봉1동,구로구 개봉제1동
11170640.0,1153075000,구로구,개봉2동,개봉제2동,구로구 개봉2동,구로구 개봉제2동
11170650.0,1153076000,구로구,개봉3동,개봉제3동,구로구 개봉3동,구로구 개봉제3동
11170670.0,1153077000,구로구,오류1동,오류제1동,구로구 오류1동,구로구 오류제1동
11170730.0,1153078000,구로구,오류2동,오류제2동,구로구 오류2동,구로구 오류제2동
11170690.0,1153079000,구로구,수궁동,수궁동,구로구 수궁동,구로구 수궁동
11170740.0,1153080000,구로구,항동,항동,구로구 항동,구로구 항동
11180510.0,1154551000,금천구,가산동,가산동,금천구 가산동,금천구 가산동
11180520.0,1154561000,금천구,독산1동,독산제1동,금천구 독산1동,금천구 독산제1동
11180530.0,1154562000,금천구,독산2동,독산제2동,금천구 독산2동,금천구 독산제2동
11180540.0,1154563000,금천구,독산3동,독산제3동,금천구 독산3동,금천구 독산제3동
11180550.0,1154564000,금천구,독산4동,독산제4동,금천구 독산4동,금천구 독산제4동
11180570.0,1154567000,금천구,시흥1동,시흥제1동,금천구 시흥1동,금천구 시흥제1동
11180580.0,1154568000,금천구,시흥2동,시흥제2동,금천구 시흥2동,금천구 시흥제2동
11180590.0,1154569000,금천구,시흥3동,시흥제3동,금천구 시흥3동,금천구 시흥제3동
11180600.0,1154570000,금천구,시흥4동,시흥제4동,금천구 시흥4동,금천구 시흥제4동
11180610.0,1154571000,금천구,시흥5동,시흥제5동,금천구 시흥5동,금천구 시흥제5동
11190730.0,1156051500,영등포구,영등포본동,영등포본동,영등포구 영등포본동,영등포구 영등포본동
11190740.0,1156053500,영등포구,영등포동,영등포동,영등포구 영등포동,영등포구 영등포동
11190540.0,1156054000,영등포구,여의동,여의동,영등포구 여의동,영등포구 여의동
11190550.0,1156055000,영등포구,당산1동,당산제1동,영등포구 당산1동,영등포구 당산제1동
11190560.0,1156056000,영등포구,당산2동,당산제2동,영등포구 당산2동,영등포구 당산제2동
11190750.0,1156058500,영등포구,도림동,도림동,영등포구 도림동,영등포구 도림동
11190760.0,1156060500,영등포구,문래동,문래동,영등포구 문래동,영등포구 문래동
11190610.0,1156061000,영등포구,양평1동,양평제1동,영등포구 양평1동,영등포구 양평제1동
11190620.0,1156062000,영등포구,양평2동,양평제2동,영등포구 양평2동,영등포구 양평제2동
11190630.0,1156063000,영등포구,신길1동,신길제1동,영등포구 신길1동,영등포구 신길제1동
11190650.0,1156065000,영등포구,신길3동,신길제3동,영등포구 신길3동,영등포구 신길제3동
11190660.0,1156066000,영등포구,신길4동,신길제4동,영등포구 신길4동,영등포구 신길제4동
11190670.0,1156067000,영등포구,신길5동,신길제5동,영등포구 신길5동,영등포구 신길제5동
11190680.0,1156068000,영등포구,신길6동,신길제6동,영등포구 신길6동,영등포구 신길제6동
11190690.0,1156069000,영등포구,신길7동,신길제7동,영등포구 신길7동,영등포구 신길제7동
11190700.0,1156070000,영등포구,대림1동,대림제1동,영등포구 대림1동,영등포구 대림제1동
11190710.0,1156071000,영등포구,대림2동,대림제2동,영등포구 대림2동,영등포구 대림제2동
11190720.0,1156072000,영등포구,대림3동,대림제3동,영등포구 대림3동,영등포구 대림제3동
11200720.0,1159051000,동작구,노량진1동,노량진제1동,동작구 노량진1동,동작구 노량진제1동
11200520.0,1159052000,동작구,노량진2동,노량진제2동,동작구 노량진2동,동작구 노량진제2동
11200530.0,1159053000,동작구,상도1동,상도제1동,동작구 상도1동,동작구 상도제1동
11200540.0,1159054000,동작구,상도2동,상도제2동,동작구 상도2동,동작구 상도제2동
11200550.0,1159055000,동작구,상도3동,상도제3동,동작구 상도3동,동작구 상도제3동
11200560.0,1159056000,동작구,상도4동,상도제4동,동작구 상도4동,동작구 상도제4동
11200710.0,1159060500,동작구,흑석동,흑석동,동작구 흑석동,동작구 흑석동
11200630.0,1159062000,동작구,사당1동,사당제1동,동작구 사당1동,동작구 사당제1동
11200730.0,1159063000,동작구,사당2동,사당제2동,동작구 사당2동,동작구 사당제2동
11200650.0,1159064000,동작구,사당3동,사당제3동,동작구 사당3동,동작구 사당제3동
11200660.0,1159065000,동작구,사당4동,사당제4동,동작구 사당4동,동작구 사당제4동
11200670.0,1159065100,동작구,사당5동,사당제5동,동작구 사당5동,동작구 사당제5동
11200680.0,1159066000,동작구,대방동,대방동,동작구 대방동,동작구 대방동
11200690.0,1159067000,동작구,신대방1동,신대방제1동,동작구 신대방1동,동작구 신대방제1동
11200700.0,1159068000,동작구,신대방2동,신대방제2동,동작구 신대방2동,동작구 신대방제2동
11210520.0,1162052500,관악구,보라매동,보라매동,관악구 보라매동,관악구 보라매동
11210540.0,1162054500,관악구,청림동,청림동,관악구 청림동,관악구 청림동
11210790.0,1162056500,관악구,성현동,성현동,관악구 성현동,관악구 성현동
11210570.0,1162057500,관악구,행운동,행운동,관악구 행운동,관악구 행운동
11210580.0,1162058500,관악구,낙성대동,낙성대동,관악구 낙성대동,관악구 낙성대동
11210800.0,1162059500,관악구,청룡동,청룡동,관악구 청룡동,관악구 청룡동
11210780.0,1162060500,관악구,은천동,은천동,관악구 은천동,관악구 은천동
11210610.0,1162061500,관악구,중앙동,중앙동,관악구 중앙동,관악구 중앙동
11210620.0,1162062500,관악구,인헌동,인헌동,관악구 인헌동,관악구 인헌동
11210630.0,1162063000,관악구,남현동,남현동,관악구 남현동,관악구 남현동
11210640.0,1162064500,관악구,서원동,서원동,관악구 서원동,관악구 서원동
11210650.0,1162065500,관악구,신원동,신원동,관악구 신원동,관악구 신원동
11210660.0,1162066500,관악구,서림동,서림동,관악구 서림동,관악구 서림동
11210680.0,1162068500,관악구,신사동,신사동,관악구 신사동,관악구 신사동
11210690.0,1162069500,관악구,신림동,신림동,관악구 신림동,관악구 신림동
11210710.0,1162071500,관악구,난향동,난향동,관악구 난향동,관악구 난향동
11210720.0,1162072500,관악구,조원동,조원동,관악구 조원동,관악구 조원동
11210730.0,1162073500,관악구,대학동,대학동,관악구 대학동,관악구 대학동
11210820.0,1162074500,관악구,삼성동,삼성동,관악구 삼성동,관악구 삼성동
11210830.0,1162076500,관악구,미성동,미성동,관악구 미성동,관악구 미성동
11210810.0,1162077500,관악구,난곡동,난곡동,관악구 난곡동,관악구 난곡동
11220510.0,1165051000,서초구,서초1동,서초1동,서초구 서초1동,서초구 서초1동
11220520.0,1165052000,서초구,서초2동,서초2동,서초구 서초2동,서초구 서초2동
11220530.0,1165053000,서초구,서초3동,서초3동,서초구 서초3동,서초구 서초3동
11220540.0,1165053100,서초구,서초4동,서초4동,서초구 서초4동,서초구 서초4동
11220550.0,1165054000,서초구,잠원동,잠원동,서초구 잠원동,서초구 잠원동
11220560.0,1165055000,서초구,반포본동,반포본동,서초구 반포본동,서초구 반포본동
11220570.0,1165056000,서초구,반포1동,반포1동,서초구 반포1동,서초구 반포1동
11220580.0,1165057000,서초구,반포2동,반포2동,서초구 반포2동,서초구 반포2동
11220590.0,1165058000,서초구,반포3동,반포3동,서초구 반포3동,서초구 반포3동
11220600.0,1165058100,서초구,반포4동,반포4동,서초구 반포4동,서초구 반포4동
11220610.0,1165059000,서초구,방배본동,방배본동,서초구 방배본동,서초구 방배본동
11220620.0,1165060000,서초구,방배1동,방배1동,서초구 방배1동,서초구 방배1동
11220630.0,1165061000,서초구,방배2동,방배2동,서초구 방배2동,서초구 방배2동
11220640.0,1165062000,서초구,방배3동,방배3동,서초구 방배3동,서초구 방배3동
11220650.0,1165062100,서초구,방배4동,방배4동,서초구 방배4동,서초구 방배4동
11220660.0,1165065100,서초구,양재1동,양재1동,서초구 양재1동,서초구 양재1동
11220670.0,1165065200,서초구,양재2동,양재2동,서초구 양재2동,서초구 양재2동
11220680.0,1165066000,서초구,내곡동,내곡동,서초구 내곡동,서초구 내곡동
11230510.0,1168051000,강남구,신사동,신사동,강남구 신사동,강남구 신사동
11230520.0,1168052100,강남구,논현1동,논현1동,강남구 논현1동,강남구 논현1동
11230530.0,1168053100,강남구,논현2동,논현2동,강남구 논현2동,강남구 논현2동
11230770.0,1168054500,강남구,압구정동,압구정동,강남구 압구정동,강남구 압구정동
11230780.0,1168056500,강남구,청담동,청담동,강남구 청담동,강남구 청담동
11230580.0,1168058000,강남구,삼성1동,삼성1동,강남구 삼성1동,강남구 삼성1동
11230590.0,1168059000,강남구,삼성2동,삼성2동,강남구 삼성2동,강남구 삼성2동
11230600.0,1168060000,강남구,대치1동,대치1동,강남구 대치1동,강남구 대치1동
11230790.0,1168061000,강남구,대치2동,대치2동,강남구 대치2동,강남구 대치2동
11230630.0,1168063000,강남구,대치4동,대치4동,강남구 대치4동,강남구 대치4동
11230640.0,1168064000,강남구,역삼1동,역삼1동,강남구 역삼1동,강남구 역삼1동
11230650.0,1168065000,강남구,역삼2동,역삼2동,강남구 역삼2동,강남구 역삼2동
11230660.0,1168065500,강남구,도곡1동,도곡1동,강남구 도곡1동,강남구 도곡1동
11230670.0,1168065600,강남구,도곡2동,도곡2동,강남구 도곡2동,강남구 도곡2동
11230680.0,1168066000,강남구,개포1동,개포1동,강남구 개포1동,강남구 개포1동
11230800.0,1168067000,강남구,개포2동,개포2동,강남구 개포2동,강남구 개포2동
11230511.0,1168067500,강남구,개포3동,개포3동,강남구 개포3동,강남구 개포3동
11230710.0,1168069000,강남구,개포4동,개포4동,강남구 개포4동,강남구 개포4동
11230760.0,1168070000,강남구,세곡동,세곡동,강남구 세곡동,강남구 세곡동
11230720.0,1168072000,강남구,일원본동,일원본동,강남구 일원본동,강남구 일원본동
11230730.0,1168073000,강남구,일원1동,일원1동,강남구 일원1동,강남구 일원1동
11230750.0,1168075000,강남구,수서동,수서동,강남구 수서동,강남구 수서동
11240510.0,1171051000,송파구,풍납1동,풍납1동,송파구 풍납1동,송파구 풍납1동
11240520.0,1171052000,송파구,풍납2동,풍납2동,송파구 풍납2동,송파구 풍납2동
11240530.0,1171053100,송파구,거여1동,거여1동,송파구 거여1동,송파구 거여1동
11240540.0,1171053200,송파구,거여2동,거여2동,송파구 거여2동,송파구 거여2동
11240550.0,1171054000,송파구,마천1동,마천1동,송파구 마천1동,송파구 마천1동
11240560.0,1171055000,송파구,마천2동,마천2동,송파구 마천2동,송파구 마천2동
11240570.0,1171056100,송파구,방이1동,방이1동,송파구 방이1동,송파구 방이1동
11240580.0,1171056200,송파구,방이2동,방이2동,송파구 방이2동,송파구 방이2동
11240590.0,1171056600,송파구,오륜동,오륜동,송파구 오륜동,송파구 오륜동
11240600.0,1171057000,송파구,오금동,오금동,송파구 오금동,송파구 오금동
11240610.0,1171058000,송파구,송파1동,송파1동,송파구 송파1동,송파구 송파1동
11240620.0,1171059000,송파구,송파2동,송파2동,송파구 송파2동,송파구 송파2동
11240630.0,1171060000,송파구,석촌동,석촌동,송파구 석촌동,송파구 석촌동
11240640.0,1171061000,송파구,삼전동,삼전동,송파구 삼전동,송파구 삼전동
11240650.0,1171062000,송파구,가락본동,가락본동,송파구 가락본동,송파구 가락본동
11240660.0,1171063100,송파구,가락1동,가락1동,송파구 가락1동,송파구 가락1동
11240670.0,1171063200,송파구,가락2동,가락2동,송파구 가락2동,송파구 가락2동
11240680.0,1171064100,송파구,문정1동,문정1동,송파구 문정1동,송파구 문정1동
11240690.0,1171064200,송파구,문정2동,문정2동,송파구 문정2동,송파구 문정2동
11240810.0,1171064600,송파구,장지동,장지동,송파구 장지동,송파구 장지동
11240820.0,1171064700,송파구,위례동,위례동,송파구 위례동,송파구 위례동
11240710.0,1171065000,송파구,잠실본동,잠실본동,송파구 잠실본동,송파구 잠실본동
11240790.0,1171067000,송파구,잠실2동,잠실2동,송파구 잠실2동,송파구 잠실2동
11240800.0,1171068000,송파구,잠실3동,잠실3동,송파구 잠실3동,송파구 잠실3동
11240750.0,1171069000,송파구,잠실4동,잠실4동,송파구 잠실4동,송파구 잠실4동
11240770.0,1171071000,송파구,잠실6동,잠실6동,송파구 잠실6동,송파구 잠실6동
11240780.0,1171072000,송파구,잠실7동,잠실7동,송파구 잠실7동,송파구 잠실7동
11250750.0,1174051500,강동구,강일동,강일동,강동구 강일동,강동구 강일동
11250760.0,1174052500,강동구,상일1동,상일제1동,강동구 상일1동,강동구 상일제1동
11250770.0,1174052600,강동구,상일2동,상일제2동,강동구 상일2동,강동구 상일제2동
11250530.0,1174053000,강동구,명일1동,명일제1동,강동구 명일1동,강동구 명일제1동
11250540.0,1174054000,강동구,명일2동,명일제2동,강동구 명일2동,강동구 명일제2동
11250550.0,1174055000,강동구,고덕1동,고덕제1동,강동구 고덕1동,강동구 고덕제1동
11250560.0,1174056000,강동구,고덕2동,고덕제2동,강동구 고덕2동,강동구 고덕제2동
11250720.0,1174057000,강동구,암사1동,암사제1동,강동구 암사1동,강동구 암사제1동
11250580.0,1174058000,강동구,암사2동,암사제2동,강동구 암사2동,강동구 암사제2동
11250590.0,1174059000,강동구,암사3동,암사제3동,강동구 암사3동,강동구 암사제3동
11250610.0,1174060000,강동구,천호1동,천호제1동,강동구 천호1동,강동구 천호제1동
11250730.0,1174061000,강동구,천호2동,천호제2동,강동구 천호2동,강동구 천호제2동
11250630.0,1174062000,강동구,천호3동,천호제3동,강동구 천호3동,강동구 천호제3동
11250650.0,1174064000,강동구,성내1동,성내제1동,강동구 성내1동,강동구 성내제1동
11250660.0,1174065000,강동구,성내2동,성내제2동,강동구 성내2동,강동구 성내제2동
11250670.0,1174066000,강동구,성내3동,성내제3동,강동구 성내3동,강동구 성내제3동
11250740.0,1174068500,강동구,길동,길동,강동구 길동,강동구 길동
11250700.0,1174069000,강동구,둔촌1동,둔촌제1동,강동구 둔촌1동,강동구 둔촌제1동
11250710.0,1174070000,강동구,둔촌2동,둔촌제2동,강동구 둔촌2동,강동구 둔촌제2동
