ADM_CD,행정동코드,법정동코드,시군구,행정동1,행정동2,법정동1,법정동2,key1,key2
11010720.0,1111051500,1111010100,종로구,청운효자동,청운효자동,청운동,청운동,종로구 청운효자동,종로구 청운효자동
11010720.0,1111051500,1111010200,종로구,청운효자동,청운효자동,신교동,신교동,종로구 청운효자동,종로구 청운효자동
11010720.0,1111051500,1111010300,종로구,청운효자동,청운효자동,궁정동,궁정동,종로구 청운효자동,종로구 청운효자동
11010720.0,1111051500,1111010400,종로구,청운효자동,청운효자동,효자동,효자동,종로구 청운효자동,종로구 청운효자동
11010720.0,1111051500,1111010500,종로구,청운효자동,청운효자동,창성동,창성동,종로구 청운효자동,종로구 청운효자동
11010720.0,1111051500,1111010800,종로구,청운효자동,청운효자동,통인동,통인동,종로구 청운효자동,종로구 청운효자동
11010720.0,1111051500,1111010900,종로구,청운효자동,청운효자동,누상동,누상동,종로구 청운효자동,종로구 청운효자동
11010720.0,1111051500,1111011000,종로구,청운효자동,청운효자동,누하동,누하동,종로구 청운효자동,종로구 청운효자동
11010720.0,1111051500,1111011100,종로구,청운효자동,청운효자동,옥인동,옥인동,종로구 청운효자동,종로구 청운효자동
11010720.0,1111051500,1111011900,종로구,청운효자동,청운효자동,세종로,세종로,종로구 청운효자동,종로구 청운효자동
11010530.0,1111053000,1111010600,종로구,사직동,사직동,통의동,통의동,종로구 사직동,종로구 사직동
11010530.0,1111053000,1111010700,종로구,사직동,사직동,적선동,적선동,종로구 사직동,종로구 사직동
11010530.0,1111053000,1111011200,종로구,사직동,사직동,체부동,체부동,종로구 사직동,종로구 사직동
11010530.0,1111053000,1111011300,종로구,사직동,사직동,필운동,필운동,종로구 사직동,종로구 사직동
11010530.0,1111053000,1111011400,종로구,사직동,사직동,내자동,내자동,종로구 사직동,종로구 사직동
11010530.0,1111053000,1111011500,종로구,사직동,사직동,사직동,사직동,종로구 사직동,종로구 사직동
11010530.0,1111053000,1111011600,종로구,사직동,사직동,도렴동,도렴동,종로구 사직동,종로구 사직동
11010530.0,1111053000,1111011700,종로구,사직동,사직동,당주동,당주동,종로구 사직동,종로구 사직동
11010530.0,1111053000,1111011800,종로구,사직동,사직동,내수동,내수동,종로구 사직동,종로구 사직동
11010530.0,1111053000,1111011900,종로구,사직동,사직동,세종로,세종로,종로구 사직동,종로구 사직동
11010530.0,1111053000,1111012000,종로구,사직동,사직동,신문로1가,신문로1가,종로구 사직동,종로구 사직동
11010530.0,1111053000,1111012100,종로구,사직동,사직동,신문로2가,신문로2가,종로구 사직동,종로구 사직동
11010540.0,1111054000,1111013900,종로구,삼청동,삼청동,팔판동,팔판동,종로구 삼청동,종로구 삼청동
11010540.0,1111054000,1111014000,종로구,삼청동,삼청동,삼청동,삼청동,종로구 삼청동,종로구 삼청동
11010540.0,1111054000,1111014100,종로구,삼청동,삼청동,안국동,안국동,종로구 삼청동,종로구 삼청동
11010540.0,1111054000,1111014200,종로구,삼청동,삼청동,소격동,소격동,종로구 삼청동,종로구 삼청동
11010540.0,1111054000,1111014300,종로구,삼청동,삼청동,화동,화동,종로구 삼청동,종로구 삼청동
11010540.0,1111054000,1111014400,종로구,삼청동,삼청동,사간동,사간동,종로구 삼청동,종로구 삼청동
11010540.0,1111054000,1111014500,종로구,삼청동,삼청동,송현동,송현동,종로구 삼청동,종로구 삼청동
11010550.0,1111055000,1111018400,종로구,부암동,부암동,부암동,부암동,종로구 부암동,종로구 부암동
11010550.0,1111055000,1111018500,종로구,부암동,부암동,홍지동,홍지동,종로구 부암동,종로구 부암동
11010550.0,1111055000,1111018600,종로구,부암동,부암동,신영동,신영동,종로구 부암동,종로구 부암동
11010560.0,1111056000,1111018200,종로구,평창동,평창동,구기동,구기동,종로구 평창동,종로구 평창동
11010560.0,1111056000,1111018300,종로구,평창동,평창동,평창동,평창동,종로구 평창동,종로구 평창동
11010570.0,1111057000,1111018700,종로구,무악동,무악동,무악동,무악동,종로구 무악동,종로구 무악동
11010580.0,1111058000,1111017600,종로구,교남동,교남동,교남동,교남동,종로구 교남동,종로구 교남동
11010580.0,1111058000,1111017700,종로구,교남동,교남동,평동,평동,종로구 교남동,종로구 교남동
11010580.0,1111058000,1111017800,종로구,교남동,교남동,송월동,송월동,종로구 교남동,종로구 교남동
11010580.0,1111058000,1111017900,종로구,교남동,교남동,홍파동,홍파동,종로구 교남동,종로구 교남동
11010580.0,1111058000,1111018000,종로구,교남동,교남동,교북동,교북동,종로구 교남동,종로구 교남동
11010580.0,1111058000,1111018100,종로구,교남동,교남동,행촌동,행촌동,종로구 교남동,종로구 교남동
11010600.0,1111060000,1111014600,종로구,가회동,가회동,가회동,가회동,종로구 가회동,종로구 가회동
11010600.0,1111060000,1111014700,종로구,가회동,가회동,재동,재동,종로구 가회동,종로구 가회동
11010600.0,1111060000,1111014800,종로구,가회동,가회동,계동,계동,종로구 가회동,종로구 가회동
11010600.0,1111060000,1111014900,종로구,가회동,가회동,원서동,원서동,종로구 가회동,종로구 가회동
11010610.0,1111061500,1111011900,종로구,종로1234가동,종로1234가동,세종로,세종로,종로구 종로1234가동,종로구 종로1234가동
11010610.0,1111061500,1111012200,종로구,종로1234가동,종로1234가동,청진동,청진동,종로구 종로1234가동,종로구 종로1234가동
11010610.0,1111061500,1111012300,종로구,종로1234가동,종로1234가동,서린동,서린동,종로구 종로1234가동,종로구 종로1234가동
11010610.0,1111061500,1111012400,종로구,종로1234가동,종로1234가동,수송동,수송동,종로구 종로1234가동,종로구 종로1234가동
11010610.0,1111061500,1111012500,종로구,종로1234가동,종로1234가동,중학동,중학동,종로구 종로1234가동,종로구 종로1234가동
11010610.0,1111061500,1111012600,종로구,종로1234가동,종로1234가동,종로1가,종로1가,종로구 종로1234가동,종로구 종로1234가동
11010610.0,1111061500,1111012700,종로구,종로1234가동,종로1234가동,공평동,공평동,종로구 종로1234가동,종로구 종로1234가동
11010610.0,1111061500,1111012800,종로구,종로1234가동,종로1234가동,관훈동,관훈동,종로구 종로1234가동,종로구 종로1234가동
11010610.0,1111061500,1111012900,종로구,종로1234가동,종로1234가동,견지동,견지동,종로구 종로1234가동,종로구 종로1234가동
11010610.0,1111061500,1111013000,종로구,종로1234가동,종로1234가동,와룡동,와룡동,종로구 종로1234가동,종로구 종로1234가동
11010610.0,1111061500,1111013100,종로구,종로1234가동,종로1234가동,권농동,권농동,종로구 종로1234가동,종로구 종로1234가동
11010610.0,1111061500,1111013200,종로구,종로1234가동,종로1234가동,운니동,운니동,종로구 종로1234가동,종로구 종로1234가동
11010610.0,1111061500,1111013300,종로구,종로1234가동,종로1234가동,익선동,익선동,종로구 종로1234가동,종로구 종로1234가동
11010610.0,1111061500,1111013400,종로구,종로1234가동,종로1234가동,경운동,경운동,종로구 종로1234가동,종로구 종로1234가동
11010610.0,1111061500,1111013500,종로구,종로1234가동,종로1234가동,관철동,관철동,종로구 종로1234가동,종로구 종로1234가동
11010610.0,1111061500,1111013600,종로구,종로1234가동,종로1234가동,인사동,인사동,종로구 종로1234가동,종로구 종로1234가동
11010610.0,1111061500,1111013700,종로구,종로1234가동,종로1234가동,낙원동,낙원동,종로구 종로1234가동,종로구 종로1234가동
11010610.0,1111061500,1111013800,종로구,종로1234가동,종로1234가동,종로2가,종로2가,종로구 종로1234가동,종로구 종로1234가동
11010610.0,1111061500,1111015000,종로구,종로1234가동,종로1234가동,훈정동,훈정동,종로구 종로1234가동,종로구 종로1234가동
11010610.0,1111061500,1111015100,종로구,종로1234가동,종로1234가동,묘동,묘동,종로구 종로1234가동,종로구 종로1234가동
11010610.0,1111061500,1111015200,종로구,종로1234가동,종로1234가동,봉익동,봉익동,종로구 종로1234가동,종로구 종로1234가동
11010610.0,1111061500,1111015300,종로구,종로1234가동,종로1234가동,돈의동,돈의동,종로구 종로1234가동,종로구 종로1234가동
11010610.0,1111061500,1111015400,종로구,종로1234가동,종로1234가동,장사동,장사동,종로구 종로1234가동,종로구 종로1234가동
11010610.0,1111061500,1111015500,종로구,종로1234가동,종로1234가동,관수동,관수동,종로구 종로1234가동,종로구 종로1234가동
11010610.0,1111061500,1111015600,종로구,종로1234가동,종로1234가동,종로3가,종로3가,종로구 종로1234가동,종로구 종로1234가동
11010610.0,1111061500,1111015700,종로구,종로1234가동,종로1234가동,인의동,인의동,종로구 종로1234가동,종로구 종로1234가동
11010610.0,1111061500,1111015800,종로구,종로1234가동,종로1234가동,예지동,예지동,종로구 종로1234가동,종로구 종로1234가동
11010610.0,1111061500,1111015900,종로구,종로1234가동,종로1234가동,원남동,원남동,종로구 종로1234가동,종로구 종로1234가동
11010610.0,1111061500,1111016100,종로구,종로1234가동,종로1234가동,종로4가,종로4가,종로구 종로1234가동,종로구 종로1234가동
11010630.0,1111063000,1111016000,종로구,종로56가동,종로56가동,연지동,연지동,종로구 종로56가동,종로구 종로56가동
11010630.0,1111063000,1111016200,종로구,종로56가동,종로56가동,효제동,효제동,종로구 종로56가동,종로구 종로56가동
11010630.0,1111063000,1111016300,종로구,종로56가동,종로56가동,종로5가,종로5가,종로구 종로56가동,종로구 종로56가동
11010630.0,1111063000,1111016400,종로구,종로56가동,종로56가동,종로6가,종로6가,종로구 종로56가동,종로구 종로56가동
11010630.0,1111063000,1111016700,종로구,종로56가동,종로56가동,충신동,충신동,종로구 종로56가동,종로구 종로56가동
11010640.0,1111064000,1111016500,종로구,이화동,이화동,이화동,이화동,종로구 이화동,종로구 이화동
11010640.0,1111064000,1111016600,종로구,이화동,이화동,연건동,연건동,종로구 이화동,종로구 이화동
11010640.0,1111064000,1111016800,종로구,이화동,이화동,동숭동,동숭동,종로구 이화동,종로구 이화동
11010730.0,1111065000,1111013000,종로구,혜화동,혜화동,와룡동,와룡동,종로구 혜화동,종로구 혜화동
11010730.0,1111065000,1111016900,종로구,혜화동,혜화동,혜화동,혜화동,종로구 혜화동,종로구 혜화동
11010730.0,1111065000,1111017000,종로구,혜화동,혜화동,명륜1가,명륜1가,종로구 혜화동,종로구 혜화동
11010730.0,1111065000,1111017100,종로구,혜화동,혜화동,명륜2가,명륜2가,종로구 혜화동,종로구 혜화동
11010730.0,1111065000,1111017200,종로구,혜화동,혜화동,명륜4가,명륜4가,종로구 혜화동,종로구 혜화동
11010730.0,1111065000,1111017300,종로구,혜화동,혜화동,명륜3가,명륜3가,종로구 혜화동,종로구 혜화동
11010670.0,1111067000,1111017400,종로구,창신1동,창신제1동,창신동,창신동,종로구 창신1동,종로구 창신제1동
11010680.0,1111068000,1111017400,종로구,창신2동,창신제2동,창신동,창신동,종로구 창신2동,종로구 창신제2동
11010690.0,1111069000,1111017400,종로구,창신3동,창신제3동,창신동,창신동,종로구 창신3동,종로구 창신제3동
11010700.0,1111070000,1111017500,종로구,숭인1동,숭인제1동,숭인동,숭인동,종로구 숭인1동,종로구 숭인제1동
11010710.0,1111071000,1111017500,종로구,숭인2동,숭인제2동,숭인동,숭인동,종로구 숭인2동,종로구 숭인제2동
11020520.0,1114052000,1114011100,중구,소공동,소공동,소공동,소공동,중구 소공동,중구 소공동
11020520.0,1114052000,1114011300,중구,소공동,소공동,북창동,북창동,중구 소공동,중구 소공동
11020520.0,1114052000,1114011400,중구,소공동,소공동,태평로2가,태평로2가,중구 소공동,중구 소공동
11020520.0,1114052000,1114011500,중구,소공동,소공동,남대문로2가,남대문로2가,중구 소공동,중구 소공동
11020520.0,1114052000,1114011600,중구,소공동,소공동,남대문로3가,남대문로3가,중구 소공동,중구 소공동
11020520.0,1114052000,1114011700,중구,소공동,소공동,남대문로4가,남대문로4가,중구 소공동,중구 소공동
11020520.0,1114052000,1114011900,중구,소공동,소공동,봉래동1가,봉래동1가,중구 소공동,중구 소공동
11020520.0,1114052000,1114016600,중구,소공동,소공동,서소문동,서소문동,중구 소공동,중구 소공동
11020520.0,1114052000,1114016700,중구,소공동,소공동,정동,정동,중구 소공동,중구 소공동
11020520.0,1114052000,1114016800,중구,소공동,소공동,순화동,순화동,중구 소공동,중구 소공동
11020520.0,1114052000,1114016900,중구,소공동,소공동,의주로1가,의주로1가,중구 소공동,중구 소공동
11020520.0,1114052000,1114017000,중구,소공동,소공동,충정로1가,충정로1가,중구 소공동,중구 소공동
11020540.0,1114054000,1114011200,중구,회현동,회현동,남창동,남창동,중구 회현동,중구 회현동
11020540.0,1114054000,1114011600,중구,회현동,회현동,남대문로3가,남대문로3가,중구 회현동,중구 회현동
11020540.0,1114054000,1114011700,중구,회현동,회현동,남대문로4가,남대문로4가,중구 회현동,중구 회현동
11020540.0,1114054000,1114011800,중구,회현동,회현동,남대문로5가,남대문로5가,중구 회현동,중구 회현동
11020540.0,1114054000,1114011900,중구,회현동,회현동,봉래동1가,봉래동1가,중구 회현동,중구 회현동
11020540.0,1114054000,1114012000,중구,회현동,회현동,봉래동2가,봉래동2가,중구 회현동,중구 회현동
11020540.0,1114054000,1114012100,중구,회현동,회현동,회현동1가,회현동1가,중구 회현동,중구 회현동
11020540.0,1114054000,1114012200,중구,회현동,회현동,회현동2가,회현동2가,중구 회현동,중구 회현동
11020540.0,1114054000,1114012400,중구,회현동,회현동,충무로1가,충무로1가,중구 회현동,중구 회현동
11020540.0,1114054000,1114016800,중구,회현동,회현동,순화동,순화동,중구 회현동,중구 회현동
11020550.0,1114055000,1114010100,중구,명동,명동,무교동,무교동,중구 명동,중구 명동
11020550.0,1114055000,1114010200,중구,명동,명동,다동,다동,중구 명동,중구 명동
11020550.0,1114055000,1114010300,중구,명동,명동,태평로1가,태평로1가,중구 명동,중구 명동
11020550.0,1114055000,1114010400,중구,명동,명동,을지로1가,을지로1가,중구 명동,중구 명동
11020550.0,1114055000,1114010500,중구,명동,명동,을지로2가,을지로2가,중구 명동,중구 명동
11020550.0,1114055000,1114010600,중구,명동,명동,남대문로1가,남대문로1가,중구 명동,중구 명동
11020550.0,1114055000,1114010700,중구,명동,명동,삼각동,삼각동,중구 명동,중구 명동
11020550.0,1114055000,1114010800,중구,명동,명동,수하동,수하동,중구 명동,중구 명동
11020550.0,1114055000,1114010900,중구,명동,명동,장교동,장교동,중구 명동,중구 명동
11020550.0,1114055000,1114011000,중구,명동,명동,수표동,수표동,중구 명동,중구 명동
11020550.0,1114055000,1114011500,중구,명동,명동,남대문로2가,남대문로2가,중구 명동,중구 명동
11020550.0,1114055000,1114012100,중구,명동,명동,회현동1가,회현동1가,중구 명동,중구 명동
11020550.0,1114055000,1114012200,중구,명동,명동,회현동2가,회현동2가,중구 명동,중구 명동
11020550.0,1114055000,1114012300,중구,명동,명동,회현동3가,회현동3가,중구 명동,중구 명동
11020550.0,1114055000,1114012400,중구,명동,명동,충무로1가,충무로1가,중구 명동,중구 명동
11020550.0,1114055000,1114012500,중구,명동,명동,충무로2가,충무로2가,중구 명동,중구 명동
11020550.0,1114055000,1114012600,중구,명동,명동,명동1가,명동1가,중구 명동,중구 명동
11020550.0,1114055000,1114012700,중구,명동,명동,명동2가,명동2가,중구 명동,중구 명동
11020550.0,1114055000,1114012800,중구,명동,명동,남산동1가,남산동1가,중구 명동,중구 명동
11020550.0,1114055000,1114012900,중구,명동,명동,남산동2가,남산동2가,중구 명동,중구 명동
11020550.0,1114055000,1114013000,중구,명동,명동,남산동3가,남산동3가,중구 명동,중구 명동
11020550.0,1114055000,1114013100,중구,명동,명동,저동1가,저동1가,중구 명동,중구 명동
11020550.0,1114055000,1114014200,중구,명동,명동,예장동,예장동,중구 명동,중구 명동
11020570.0,1114057000,1114013200,중구,필동,필동,충무로4가,충무로4가,중구 필동,중구 필동
11020570.0,1114057000,1114013300,중구,필동,필동,충무로5가,충무로5가,중구 필동,중구 필동
11020570.0,1114057000,1114013600,중구,필동,필동,묵정동,묵정동,중구 필동,중구 필동
11020570.0,1114057000,1114013700,중구,필동,필동,필동1가,필동1가,중구 필동,중구 필동
11020570.0,1114057000,1114013800,중구,필동,필동,필동2가,필동2가,중구 필동,중구 필동
11020570.0,1114057000,1114013900,중구,필동,필동,필동3가,필동3가,중구 필동,중구 필동
11020570.0,1114057000,1114014000,중구,필동,필동,남학동,남학동,중구 필동,중구 필동
11020570.0,1114057000,1114014100,중구,필동,필동,주자동,주자동,중구 필동,중구 필동
11020570.0,1114057000,1114014200,중구,필동,필동,예장동,예장동,중구 필동,중구 필동
11020570.0,1114057000,1114014400,중구,필동,필동,장충동2가,장충동2가,중구 필동,중구 필동
11020570.0,1114057000,1114015800,중구,필동,필동,충무로3가,충무로3가,중구 필동,중구 필동
11020580.0,1114058000,1114013600,중구,장충동,장충동,묵정동,묵정동,중구 장충동,중구 장충동
11020580.0,1114058000,1114014300,중구,장충동,장충동,장충동1가,장충동1가,중구 장충동,중구 장충동
11020580.0,1114058000,1114014400,중구,장충동,장충동,장충동2가,장충동2가,중구 장충동,중구 장충동
11020590.0,1114059000,1114013200,중구,광희동,광희동,충무로4가,충무로4가,중구 광희동,중구 광희동
11020590.0,1114059000,1114013300,중구,광희동,광희동,충무로5가,충무로5가,중구 광희동,중구 광희동
11020590.0,1114059000,1114013400,중구,광희동,광희동,인현동2가,인현동2가,중구 광희동,중구 광희동
11020590.0,1114059000,1114013500,중구,광희동,광희동,예관동,예관동,중구 광희동,중구 광희동
11020590.0,1114059000,1114014500,중구,광희동,광희동,광희동1가,광희동1가,중구 광희동,중구 광희동
11020590.0,1114059000,1114014600,중구,광희동,광희동,광희동2가,광희동2가,중구 광희동,중구 광희동
11020590.0,1114059000,1114014700,중구,광희동,광희동,쌍림동,쌍림동,중구 광희동,중구 광희동
11020590.0,1114059000,1114014800,중구,광희동,광희동,을지로6가,을지로6가,중구 광희동,중구 광희동
11020590.0,1114059000,1114014900,중구,광희동,광희동,을지로7가,을지로7가,중구 광희동,중구 광희동
11020590.0,1114059000,1114015400,중구,광희동,광희동,오장동,오장동,중구 광희동,중구 광희동
11020600.0,1114060500,1114015000,중구,을지로동,을지로동,을지로4가,을지로4가,중구 을지로동,중구 을지로동
11020600.0,1114060500,1114015100,중구,을지로동,을지로동,을지로5가,을지로5가,중구 을지로동,중구 을지로동
11020600.0,1114060500,1114015200,중구,을지로동,을지로동,주교동,주교동,중구 을지로동,중구 을지로동
11020600.0,1114060500,1114015300,중구,을지로동,을지로동,방산동,방산동,중구 을지로동,중구 을지로동
11020600.0,1114060500,1114015500,중구,을지로동,을지로동,을지로3가,을지로3가,중구 을지로동,중구 을지로동
11020600.0,1114060500,1114015600,중구,을지로동,을지로동,입정동,입정동,중구 을지로동,중구 을지로동
11020600.0,1114060500,1114015700,중구,을지로동,을지로동,산림동,산림동,중구 을지로동,중구 을지로동
11020600.0,1114060500,1114015900,중구,을지로동,을지로동,초동,초동,중구 을지로동,중구 을지로동
11020600.0,1114060500,1114016000,중구,을지로동,을지로동,인현동1가,인현동1가,중구 을지로동,중구 을지로동
11020600.0,1114060500,1114016100,중구,을지로동,을지로동,저동2가,저동2가,중구 을지로동,중구 을지로동
11020690.0,1114061500,1114016200,중구,신당동,신당동,신당동,신당동,중구 신당동,중구 신당동
11020690.0,1114061500,1114016300,중구,신당동,신당동,흥인동,흥인동,중구 신당동,중구 신당동
11020690.0,1114061500,1114016400,중구,신당동,신당동,무학동,무학동,중구 신당동,중구 신당동
11020700.0,1114062500,1114016200,중구,다산동,다산동,신당동,신당동,중구 다산동,중구 다산동
11020710.0,1114063500,1114016200,중구,약수동,약수동,신당동,신당동,중구 약수동,중구 약수동
11020720.0,1114064500,1114016200,중구,청구동,청구동,신당동,신당동,중구 청구동,중구 청구동
11020650.0,1114065000,1114016200,중구,신당5동,신당제5동,신당동,신당동,중구 신당5동,중구 신당제5동
11020730.0,1114066500,1114016200,중구,동화동,동화동,신당동,신당동,중구 동화동,중구 동화동
11020670.0,1114067000,1114016500,중구,황학동,황학동,황학동,황학동,중구 황학동,중구 황학동
11020680.0,1114068000,1114017100,중구,중림동,중림동,중림동,중림동,중구 중림동,중구 중림동
11020680.0,1114068000,1114017200,중구,중림동,중림동,의주로2가,의주로2가,중구 중림동,중구 중림동
11020680.0,1114068000,1114017300,중구,중림동,중림동,만리동1가,만리동1가,중구 중림동,중구 중림동
11020680.0,1114068000,1114017400,중구,중림동,중림동,만리동2가,만리동2가,중구 중림동,중구 중림동
11030510.0,1117051000,1117010100,용산구,후암동,후암동,후암동,후암동,용산구 후암동,용산구 후암동
11030520.0,1117052000,1117010200,용산구,용산2가동,용산2가동,용산동2가,용산동2가,용산구 용산2가동,용산구 용산2가동
11030520.0,1117052000,1117010300,용산구,용산2가동,용산2가동,용산동4가,용산동4가,용산구 용산2가동,용산구 용산2가동
11030530.0,1117053000,1117010400,용산구,남영동,남영동,갈월동,갈월동,용산구 남영동,용산구 남영동
11030530.0,1117053000,1117010500,용산구,남영동,남영동,남영동,남영동,용산구 남영동,용산구 남영동
11030530.0,1117053000,1117010600,용산구,남영동,남영동,용산동1가,용산동1가,용산구 남영동,용산구 남영동
11030530.0,1117053000,1117010700,용산구,남영동,남영동,동자동,동자동,용산구 남영동,용산구 남영동
11030710.0,1117055500,1117010800,용산구,청파동,청파동,서계동,서계동,용산구 청파동,용산구 청파동
11030710.0,1117055500,1117010900,용산구,청파동,청파동,청파동1가,청파동1가,용산구 청파동,용산구 청파동
11030710.0,1117055500,1117011000,용산구,청파동,청파동,청파동2가,청파동2가,용산구 청파동,용산구 청파동
11030710.0,1117055500,1117011100,용산구,청파동,청파동,청파동3가,청파동3가,용산구 청파동,용산구 청파동
11030720.0,1117056000,1117011200,용산구,원효로1동,원효로제1동,원효로1가,원효로1가,용산구 원효로1동,용산구 원효로제1동
11030720.0,1117056000,1117011300,용산구,원효로1동,원효로제1동,원효로2가,원효로2가,용산구 원효로1동,용산구 원효로제1동
11030720.0,1117056000,1117012200,용산구,원효로1동,원효로제1동,문배동,문배동,용산구 원효로1동,용산구 원효로제1동
11030720.0,1117056000,1117012300,용산구,원효로1동,원효로제1동,신계동,신계동,용산구 원효로1동,용산구 원효로제1동
11030570.0,1117057000,1117011400,용산구,원효로2동,원효로제2동,신창동,신창동,용산구 원효로2동,용산구 원효로제2동
11030570.0,1117057000,1117011500,용산구,원효로2동,원효로제2동,산천동,산천동,용산구 원효로2동,용산구 원효로제2동
11030570.0,1117057000,1117011600,용산구,원효로2동,원효로제2동,청암동,청암동,용산구 원효로2동,용산구 원효로제2동
11030570.0,1117057000,1117011700,용산구,원효로2동,원효로제2동,원효로3가,원효로3가,용산구 원효로2동,용산구 원효로제2동
11030570.0,1117057000,1117011800,용산구,원효로2동,원효로제2동,원효로4가,원효로4가,용산구 원효로2동,용산구 원효로제2동
11030580.0,1117058000,1117011900,용산구,효창동,효창동,효창동,효창동,용산구 효창동,용산구 효창동
11030590.0,1117059000,1117012000,용산구,용문동,용문동,도원동,도원동,용산구 용문동,용산구 용문동
11030590.0,1117059000,1117012100,용산구,용문동,용문동,용문동,용문동,용산구 용문동,용산구 용문동
11030730.0,1117062500,1117012400,용산구,한강로동,한강로동,한강로1가,한강로1가,용산구 한강로동,용산구 한강로동
11030730.0,1117062500,1117012500,용산구,한강로동,한강로동,한강로2가,한강로2가,용산구 한강로동,용산구 한강로동
11030730.0,1117062500,1117012600,용산구,한강로동,한강로동,용산동3가,용산동3가,용산구 한강로동,용산구 한강로동
11030730.0,1117062500,1117012700,용산구,한강로동,한강로동,용산동5가,용산동5가,용산구 한강로동,용산구 한강로동
11030730.0,1117062500,1117012800,용산구,한강로동,한강로동,한강로3가,한강로3가,용산구 한강로동,용산구 한강로동
11030630.0,1117063000,1117012900,용산구,이촌1동,이촌제1동,이촌동,이촌동,용산구 이촌1동,용산구 이촌제1동
11030640.0,1117064000,1117012900,용산구,이촌2동,이촌제2동,이촌동,이촌동,용산구 이촌2동,용산구 이촌제2동
11030650.0,1117065000,1117013000,용산구,이태원1동,이태원제1동,이태원동,이태원동,용산구 이태원1동,용산구 이태원제1동
11030660.0,1117066000,1117013000,용산구,이태원2동,이태원제2동,이태원동,이태원동,용산구 이태원2동,용산구 이태원제2동
11030740.0,1117068500,1117013100,용산구,한남동,한남동,한남동,한남동,용산구 한남동,용산구 한남동
11030690.0,1117069000,1117013200,용산구,서빙고동,서빙고동,동빙고동,동빙고동,용산구 서빙고동,용산구 서빙고동
11030690.0,1117069000,1117013300,용산구,서빙고동,서빙고동,서빙고동,서빙고동,용산구 서빙고동,용산구 서빙고동
11030690.0,1117069000,1117013400,용산구,서빙고동,서빙고동,주성동,주성동,용산구 서빙고동,용산구 서빙고동
11030690.0,1117069000,1117013500,용산구,서빙고동,서빙고동,용산동6가,용산동6가,용산구 서빙고동,용산구 서빙고동
11030700.0,1117070000,1117013600,용산구,보광동,보광동,보광동,보광동,용산구 보광동,용산구 보광동
11040520.0,1120052000,1120010200,성동구,왕십리2동,왕십리제2동,하왕십리동,하왕십리동,성동구 왕십리2동,성동구 왕십리제2동
11040710.0,1120053500,1120010100,성동구,왕십리도선동,왕십리도선동,상왕십리동,상왕십리동,성동구 왕십리도선동,성동구 왕십리도선동
11040710.0,1120053500,1120010200,성동구,왕십리도선동,왕십리도선동,하왕십리동,하왕십리동,성동구 왕십리도선동,성동구 왕십리도선동
11040710.0,1120053500,1120010300,성동구,왕십리도선동,왕십리도선동,홍익동,홍익동,성동구 왕십리도선동,성동구 왕십리도선동
11040710.0,1120053500,1120010400,성동구,왕십리도선동,왕십리도선동,도선동,도선동,성동구 왕십리도선동,성동구 왕십리도선동
11040540.0,1120054000,1120010500,성동구,마장동,마장동,마장동,마장동,성동구 마장동,성동구 마장동
11040550.0,1120055000,1120010600,성동구,사근동,사근동,사근동,사근동,성동구 사근동,성동구 사근동
11040550.0,1120055000,1120010700,성동구,사근동,사근동,행당동,행당동,성동구 사근동,성동구 사근동
11040560.0,1120056000,1120010700,성동구,행당1동,행당제1동,행당동,행당동,성동구 행당1동,성동구 행당제1동
11040570.0,1120057000,1120010700,성동구,행당2동,행당제2동,행당동,행당동,성동구 행당2동,성동구 행당제2동
11040580.0,1120058000,1120010800,성동구,응봉동,응봉동,응봉동,응봉동,성동구 응봉동,성동구 응봉동
11040590.0,1120059000,1120010900,성동구,금호1가동,금호1가동,금호동1가,금호동1가,성동구 금호1가동,성동구 금호1가동
11040720.0,1120061500,1120011000,성동구,금호23가동,금호23가동,금호동2가,금호동2가,성동구 금호23가동,성동구 금호23가동
11040720.0,1120061500,1120011100,성동구,금호23가동,금호23가동,금호동3가,금호동3가,성동구 금호23가동,성동구 금호23가동
11040620.0,1120062000,1120011200,성동구,금호4가동,금호4가동,금호동4가,금호동4가,성동구 금호4가동,성동구 금호4가동
11040730.0,1120064500,1120011300,성동구,옥수동,옥수동,옥수동,옥수동,성동구 옥수동,성동구 옥수동
11040650.0,1120065000,1120011400,성동구,성수1가1동,성수1가제1동,성수동1가,성수동1가,성동구 성수1가1동,성동구 성수1가제1동
11040660.0,1120066000,1120011400,성동구,성수1가2동,성수1가제2동,성수동1가,성수동1가,성동구 성수1가2동,성동구 성수1가제2동
11040670.0,1120067000,1120011500,성동구,성수2가1동,성수2가제1동,성수동2가,성수동2가,성동구 성수2가1동,성동구 성수2가제1동
11040680.0,1120069000,1120011500,성동구,성수2가3동,성수2가제3동,성수동2가,성수동2가,성동구 성수2가3동,성동구 성수2가제3동
11040690.0,1120072000,1120011800,성동구,송정동,송정동,송정동,송정동,성동구 송정동,성동구 송정동
11040700.0,1120079000,1120011800,성동구,용답동,용답동,송정동,송정동,성동구 용답동,성동구 용답동
11040700.0,1120079000,1120012200,성동구,용답동,용답동,용답동,용답동,성동구 용답동,성동구 용답동
11050530.0,1121571000,1121510700,광진구,화양동,화양동,화양동,화양동,광진구 화양동,광진구 화양동
11050540.0,1121573000,1121510900,광진구,군자동,군자동,군자동,군자동,광진구 군자동,광진구 군자동
11050550.0,1121574000,1121510100,광진구,중곡1동,중곡제1동,중곡동,중곡동,광진구 중곡1동,광진구 중곡제1동
11050560.0,1121575000,1121510100,광진구,중곡2동,중곡제2동,중곡동,중곡동,광진구 중곡2동,광진구 중곡제2동
11050570.0,1121576000,1121510100,광진구,중곡3동,중곡제3동,중곡동,중곡동,광진구 중곡3동,광진구 중곡제3동
11050580.0,1121577000,1121510100,광진구,중곡4동,중곡제4동,중곡동,중곡동,광진구 중곡4동,광진구 중곡제4동
11050590.0,1121578000,1121510200,광진구,능동,능동,능동,능동,광진구 능동,광진구 능동
11050630.0,1121581000,1121510400,광진구,광장동,광장동,광장동,광장동,광진구 광장동,광진구 광장동
11050640.0,1121582000,1121510500,광진구,자양1동,자양제1동,자양동,자양동,광진구 자양1동,광진구 자양제1동
11050650.0,1121583000,1121510500,광진구,자양2동,자양제2동,자양동,자양동,광진구 자양2동,광진구 자양제2동
11050660.0,1121584000,1121510500,광진구,자양3동,자양제3동,자양동,자양동,광진구 자양3동,광진구 자양제3동
11050670.0,1121584700,1121510500,광진구,자양4동,자양제4동,자양동,자양동,광진구 자양4동,광진구 자양제4동
11050600.0,1121585000,1121510300,광진구,구의1동,구의제1동,구의동,구의동,광진구 구의1동,광진구 구의제1동
11050610.0,1121586000,1121510300,광진구,구의2동,구의제2동,구의동,구의동,광진구 구의2동,광진구 구의제2동
11050620.0,1121587000,1121510300,광진구,구의3동,구의제3동,구의동,구의동,광진구 구의3동,광진구 구의제3동
11060810.0,1123053600,1123010100,동대문구,용신동,용신동,신설동,신설동,동대문구 용신동,동대문구 용신동
11060810.0,1123053600,1123010200,동대문구,용신동,용신동,용두동,용두동,동대문구 용신동,동대문구 용신동
11060820.0,1123054500,1123010300,동대문구,제기동,제기동,제기동,제기동,동대문구 제기동,동대문구 제기동
11060830.0,1123056000,1123010400,동대문구,전농1동,전농제1동,전농동,전농동,동대문구 전농1동,동대문구 전농제1동
11060840.0,1123057000,1123010400,동대문구,전농2동,전농제2동,전농동,전농동,동대문구 전농2동,동대문구 전농제2동
11060910.0,1123060000,1123010500,동대문구,답십리1동,답십리제1동,답십리동,답십리동,동대문구 답십리1동,동대문구 답십리제1동
11060860.0,1123061000,1123010500,동대문구,답십리2동,답십리제2동,답십리동,답십리동,동대문구 답십리2동,동대문구 답십리제2동
11060870.0,1123065000,1123010600,동대문구,장안1동,장안제1동,장안동,장안동,동대문구 장안1동,동대문구 장안제1동
11060880.0,1123066000,1123010600,동대문구,장안2동,장안제2동,장안동,장안동,동대문구 장안2동,동대문구 장안제2동
11060800.0,1123070500,1123010700,동대문구,청량리동,청량리동,청량리동,청량리동,동대문구 청량리동,동대문구 청량리동
11060710.0,1123071000,1123010800,동대문구,회기동,회기동,회기동,회기동,동대문구 회기동,동대문구 회기동
11060720.0,1123072000,1123010900,동대문구,휘경1동,휘경제1동,휘경동,휘경동,동대문구 휘경1동,동대문구 휘경제1동
11060730.0,1123073000,1123010900,동대문구,휘경2동,휘경제2동,휘경동,휘경동,동대문구 휘경2동,동대문구 휘경제2동
11060890.0,1123074000,1123011000,동대문구,이문1동,이문제1동,이문동,이문동,동대문구 이문1동,동대문구 이문제1동
11060900.0,1123075000,1123011000,동대문구,이문2동,이문제2동,이문동,이문동,동대문구 이문2동,동대문구 이문제2동
11070520.0,1126052000,1126010100,중랑구,면목2동,면목제2동,면목동,면목동,중랑구 면목2동,중랑구 면목제2동
11070540.0,1126054000,1126010100,중랑구,면목4동,면목제4동,면목동,면목동,중랑구 면목4동,중랑구 면목제4동
11070550.0,1126055000,1126010100,중랑구,면목5동,면목제5동,면목동,면목동,중랑구 면목5동,중랑구 면목제5동
11070710.0,1126056500,1126010100,중랑구,면목본동,면목본동,면목동,면목동,중랑구 면목본동,중랑구 면목본동
11070570.0,1126057000,1126010100,중랑구,면목7동,면목제7동,면목동,면목동,중랑구 면목7동,중랑구 면목제7동
11070720.0,1126057500,1126010100,중랑구,면목38동,면목제38동,면목동,면목동,중랑구 면목38동,중랑구 면목제38동
11070590.0,1126058000,1126010200,중랑구,상봉1동,상봉제1동,상봉동,상봉동,중랑구 상봉1동,중랑구 상봉제1동
11070600.0,1126059000,1126010200,중랑구,상봉2동,상봉제2동,상봉동,상봉동,중랑구 상봉2동,중랑구 상봉제2동
11070610.0,1126060000,1126010300,중랑구,중화1동,중화제1동,중화동,중화동,중랑구 중화1동,중랑구 중화제1동
11070620.0,1126061000,1126010300,중랑구,중화2동,중화제2동,중화동,중화동,중랑구 중화2동,중랑구 중화제2동
11070640.0,1126062000,1126010400,중랑구,묵1동,묵제1동,묵동,묵동,중랑구 묵1동,중랑구 묵제1동
11070650.0,1126063000,1126010400,중랑구,묵2동,묵제2동,묵동,묵동,중랑구 묵2동,중랑구 묵제2동
11070730.0,1126065500,1126010500,중랑구,망우본동,망우본동,망우동,망우동,중랑구 망우본동,중랑구 망우본동
11070680.0,1126066000,1126010500,중랑구,망우3동,망우제3동,망우동,망우동,중랑구 망우3동,중랑구 망우제3동
11070690.0,1126068000,1126010600,중랑구,신내1동,신내1동,신내동,신내동,중랑구 신내1동,중랑구 신내1동
11070700.0,1126069000,1126010600,중랑구,신내2동,신내2동,신내동,신내동,중랑구 신내2동,중랑구 신내2동
11080810.0,1129052500,1129010100,성북구,성북동,성북동,성북동,성북동,성북구 성북동,성북구 성북동
11080810.0,1129052500,1129010200,성북구,성북동,성북동,성북동1가,성북동1가,성북구 성북동,성북구 성북동
11080810.0,1129052500,1129010400,성북구,성북동,성북동,동소문동1가,동소문동1가,성북구 성북동,성북구 성북동
11080810.0,1129052500,1129010700,성북구,성북동,성북동,동소문동4가,동소문동4가,성북구 성북동,성북구 성북동
11080820.0,1129055500,1129010300,성북구,삼선동,삼선동,돈암동,돈암동,성북구 삼선동,성북구 삼선동
11080820.0,1129055500,1129010500,성북구,삼선동,삼선동,동소문동2가,동소문동2가,성북구 삼선동,성북구 삼선동
11080820.0,1129055500,1129010600,성북구,삼선동,삼선동,동소문동3가,동소문동3가,성북구 삼선동,성북구 삼선동
11080820.0,1129055500,1129010800,성북구,삼선동,삼선동,동소문동5가,동소문동5가,성북구 삼선동,성북구 삼선동
11080820.0,1129055500,1129011100,성북구,삼선동,삼선동,삼선동1가,삼선동1가,성북구 삼선동,성북구 삼선동
11080820.0,1129055500,1129011200,성북구,삼선동,삼선동,삼선동2가,삼선동2가,성북구 삼선동,성북구 삼선동
11080820.0,1129055500,1129011300,성북구,삼선동,삼선동,삼선동3가,삼선동3가,성북구 삼선동,성북구 삼선동
11080820.0,1129055500,1129011400,성북구,삼선동,삼선동,삼선동4가,삼선동4가,성북구 삼선동,성북구 삼선동
11080820.0,1129055500,1129011500,성북구,삼선동,삼선동,삼선동5가,삼선동5가,성북구 삼선동,성북구 삼선동
11080830.0,1129057500,1129010300,성북구,동선동,동선동,돈암동,돈암동,성북구 동선동,성북구 동선동
11080830.0,1129057500,1129010900,성북구,동선동,동선동,동소문동6가,동소문동6가,성북구 동선동,성북구 동선동
11080830.0,1129057500,1129011000,성북구,동선동,동선동,동소문동7가,동소문동7가,성북구 동선동,성북구 동선동
11080830.0,1129057500,1129011600,성북구,동선동,동선동,동선동1가,동선동1가,성북구 동선동,성북구 동선동
11080830.0,1129057500,1129011700,성북구,동선동,동선동,동선동2가,동선동2가,성북구 동선동,성북구 동선동
11080830.0,1129057500,1129011800,성북구,동선동,동선동,동선동3가,동선동3가,성북구 동선동,성북구 동선동
11080830.0,1129057500,1129011900,성북구,동선동,동선동,동선동4가,동선동4가,성북구 동선동,성북구 동선동
11080830.0,1129057500,1129012000,성북구,동선동,동선동,동선동5가,동선동5가,성북구 동선동,성북구 동선동
11080580.0,1129058000,1129010300,성북구,돈암1동,돈암제1동,돈암동,돈암동,성북구 돈암1동,성북구 돈암제1동
11080590.0,1129059000,1129010300,성북구,돈암2동,돈암제2동,돈암동,돈암동,성북구 돈암2동,성북구 돈암제2동
11080600.0,1129060000,1129012100,성북구,안암동,안암동,안암동1가,안암동1가,성북구 안암동,성북구 안암동
11080600.0,1129060000,1129012200,성북구,안암동,안암동,안암동2가,안암동2가,성북구 안암동,성북구 안암동
11080600.0,1129060000,1129012300,성북구,안암동,안암동,안암동3가,안암동3가,성북구 안암동,성북구 안암동
11080600.0,1129060000,1129012400,성북구,안암동,안암동,안암동4가,안암동4가,성북구 안암동,성북구 안암동
11080600.0,1129060000,1129012500,성북구,안암동,안암동,안암동5가,안암동5가,성북구 안암동,성북구 안암동
11080610.0,1129061000,1129012600,성북구,보문동,보문동,보문동4가,보문동4가,성북구 보문동,성북구 보문동
11080610.0,1129061000,1129012700,성북구,보문동,보문동,보문동5가,보문동5가,성북구 보문동,성북구 보문동
11080610.0,1129061000,1129012800,성북구,보문동,보문동,보문동6가,보문동6가,성북구 보문동,성북구 보문동
11080610.0,1129061000,1129012900,성북구,보문동,보문동,보문동7가,보문동7가,성북구 보문동,성북구 보문동
11080610.0,1129061000,1129013000,성북구,보문동,보문동,보문동1가,보문동1가,성북구 보문동,성북구 보문동
11080610.0,1129061000,1129013100,성북구,보문동,보문동,보문동2가,보문동2가,성북구 보문동,성북구 보문동
11080610.0,1129061000,1129013200,성북구,보문동,보문동,보문동3가,보문동3가,성북구 보문동,성북구 보문동
11080620.0,1129062000,1129010300,성북구,정릉1동,정릉제1동,돈암동,돈암동,성북구 정릉1동,성북구 정릉제1동
11080620.0,1129062000,1129013300,성북구,정릉1동,정릉제1동,정릉동,정릉동,성북구 정릉1동,성북구 정릉제1동
11080620.0,1129062000,1129013400,성북구,정릉1동,정릉제1동,길음동,길음동,성북구 정릉1동,성북구 정릉제1동
11080630.0,1129063000,1129010300,성북구,정릉2동,정릉제2동,돈암동,돈암동,성북구 정릉2동,성북구 정릉제2동
11080630.0,1129063000,1129013300,성북구,정릉2동,정릉제2동,정릉동,정릉동,성북구 정릉2동,성북구 정릉제2동
11080640.0,1129064000,1129013300,성북구,정릉3동,정릉제3동,정릉동,정릉동,성북구 정릉3동,성북구 정릉제3동
11080650.0,1129065000,1129013300,성북구,정릉4동,정릉제4동,정릉동,정릉동,성북구 정릉4동,성북구 정릉제4동
11080660.0,1129066000,1129013400,성북구,길음1동,길음제1동,길음동,길음동,성북구 길음1동,성북구 길음제1동
11080680.0,1129068500,1129013400,성북구,길음2동,길음제2동,길음동,길음동,성북구 길음2동,성북구 길음제2동
11080680.0,1129068500,1129013600,성북구,길음2동,길음제2동,하월곡동,하월곡동,성북구 길음2동,성북구 길음제2동
11080840.0,1129070500,1129013500,성북구,종암동,종암동,종암동,종암동,성북구 종암동,성북구 종암동
11080710.0,1129071500,1129013600,성북구,월곡1동,월곡제1동,하월곡동,하월곡동,성북구 월곡1동,성북구 월곡제1동
11080720.0,1129072500,1129013600,성북구,월곡2동,월곡제2동,하월곡동,하월곡동,성북구 월곡2동,성북구 월곡제2동
11080720.0,1129072500,1129013700,성북구,월곡2동,월곡제2동,상월곡동,상월곡동,성북구 월곡2동,성북구 월곡제2동
11080760.0,1129076000,1129013800,성북구,장위1동,장위제1동,장위동,장위동,성북구 장위1동,성북구 장위제1동
11080770.0,1129077000,1129013800,성북구,장위2동,장위제2동,장위동,장위동,성북구 장위2동,성북구 장위제2동
11080780.0,1129078000,1129013800,성북구,장위3동,장위제3동,장위동,장위동,성북구 장위3동,성북구 장위제3동
11080850.0,1129081000,1129013900,성북구,석관동,석관동,석관동,석관동,성북구 석관동,성북구 석관동
11090690.0,1130553400,1130510100,강북구,삼양동,삼양동,미아동,미아동,강북구 삼양동,강북구 삼양동
11090700.0,1130553500,1130510100,강북구,미아동,미아동,미아동,미아동,강북구 미아동,강북구 미아동
11090710.0,1130554500,1130510100,강북구,송중동,송중동,미아동,미아동,강북구 송중동,강북구 송중동
11090720.0,1130555500,1130510100,강북구,송천동,송천동,미아동,미아동,강북구 송천동,강북구 송천동
11090730.0,1130557500,1130510100,강북구,삼각산동,삼각산동,미아동,미아동,강북구 삼각산동,강북구 삼각산동
11090600.0,1130559500,1130510200,강북구,번1동,번1동,번동,번동,강북구 번1동,강북구 번1동
11090610.0,1130560300,1130510200,강북구,번2동,번2동,번동,번동,강북구 번2동,강북구 번2동
11090620.0,1130560800,1130510200,강북구,번3동,번3동,번동,번동,강북구 번3동,강북구 번3동
11090630.0,1130561500,1130510300,강북구,수유1동,수유1동,수유동,수유동,강북구 수유1동,강북구 수유1동
11090640.0,1130562500,1130510300,강북구,수유2동,수유2동,수유동,수유동,강북구 수유2동,강북구 수유2동
11090650.0,1130563500,1130510300,강북구,수유3동,수유3동,수유동,수유동,강북구 수유3동,강북구 수유3동
11090740.0,1130564500,1130510300,강북구,우이동,우이동,수유동,수유동,강북구 우이동,강북구 우이동
11090740.0,1130564500,1130510400,강북구,우이동,우이동,우이동,우이동,강북구 우이동,강북구 우이동
11090750.0,1130566000,1130510300,강북구,인수동,인수동,수유동,수유동,강북구 인수동,강북구 인수동
11100590.0,1132051100,1132010700,도봉구,창1동,창제1동,창동,창동,도봉구 창1동,도봉구 창제1동
11100600.0,1132051200,1132010700,도봉구,창2동,창제2동,창동,창동,도봉구 창2동,도봉구 창제2동
11100610.0,1132051300,1132010700,도봉구,창3동,창제3동,창동,창동,도봉구 창3동,도봉구 창제3동
11100620.0,1132051400,1132010700,도봉구,창4동,창제4동,창동,창동,도봉구 창4동,도봉구 창제4동
11100630.0,1132051500,1132010700,도봉구,창5동,창제5동,창동,창동,도봉구 창5동,도봉구 창제5동
11100640.0,1132052100,1132010800,도봉구,도봉1동,도봉제1동,도봉동,도봉동,도봉구 도봉1동,도봉구 도봉제1동
11100650.0,1132052200,1132010800,도봉구,도봉2동,도봉제2동,도봉동,도봉동,도봉구 도봉2동,도봉구 도봉제2동
11100510.0,1132066000,1132010500,도봉구,쌍문1동,쌍문제1동,쌍문동,쌍문동,도봉구 쌍문1동,도봉구 쌍문제1동
11100520.0,1132067000,1132010500,도봉구,쌍문2동,쌍문제2동,쌍문동,쌍문동,도봉구 쌍문2동,도봉구 쌍문제2동
11100530.0,1132068000,1132010500,도봉구,쌍문3동,쌍문제3동,쌍문동,쌍문동,도봉구 쌍문3동,도봉구 쌍문제3동
11100540.0,1132068100,1132010500,도봉구,쌍문4동,쌍문제4동,쌍문동,쌍문동,도봉구 쌍문4동,도봉구 쌍문제4동
11100550.0,1132069000,1132010600,도봉구,방학1동,방학제1동,방학동,방학동,도봉구 방학1동,도봉구 방학제1동
11100560.0,1132070000,1132010600,도봉구,방학2동,방학제2동,방학동,방학동,도봉구 방학2동,도봉구 방학제2동
11100570.0,1132071000,1132010600,도봉구,방학3동,방학제3동,방학동,방학동,도봉구 방학3동,도봉구 방학제3동
11110510.0,1135056000,1135010200,노원구,월계1동,월계1동,월계동,월계동,노원구 월계1동,노원구 월계1동
11110520.0,1135057000,1135010200,노원구,월계2동,월계2동,월계동,월계동,노원구 월계2동,노원구 월계2동
11110530.0,1135058000,1135010200,노원구,월계3동,월계3동,월계동,월계동,노원구 월계3동,노원구 월계3동
11110790.0,1135059500,1135010300,노원구,공릉1동,공릉1동,공릉동,공릉동,노원구 공릉1동,노원구 공릉1동
11110560.0,1135060000,1135010300,노원구,공릉2동,공릉2동,공릉동,공릉동,노원구 공릉2동,노원구 공릉2동
11110580.0,1135061100,1135010400,노원구,하계1동,하계1동,하계동,하계동,노원구 하계1동,노원구 하계1동
11110590.0,1135061200,1135010400,노원구,하계2동,하계2동,하계동,하계동,노원구 하계2동,노원구 하계2동
11110600.0,1135061900,1135010600,노원구,중계본동,중계본동,중계동,중계동,노원구 중계본동,노원구 중계본동
11110610.0,1135062100,1135010600,노원구,중계1동,중계1동,중계동,중계동,노원구 중계1동,노원구 중계1동
11110640.0,1135062400,1135010600,노원구,중계4동,중계4동,중계동,중계동,노원구 중계4동,노원구 중계4동
11110780.0,1135062500,1135010600,노원구,중계23동,중계23동,중계동,중계동,노원구 중계23동,노원구 중계23동
11110650.0,1135063000,1135010500,노원구,상계1동,상계1동,상계동,상계동,노원구 상계1동,노원구 상계1동
11110660.0,1135064000,1135010500,노원구,상계2동,상계2동,상계동,상계동,노원구 상계2동,노원구 상계2동
11110760.0,1135066500,1135010500,노원구,상계34동,상계34동,상계동,상계동,노원구 상계34동,노원구 상계34동
11110690.0,1135067000,1135010500,노원구,상계5동,상계5동,상계동,상계동,노원구 상계5동,노원구 상계5동
11110770.0,1135069500,1135010500,노원구,상계67동,상계67동,상계동,상계동,노원구 상계67동,노원구 상계67동
11110720.0,1135070000,1135010500,노원구,상계8동,상계8동,상계동,상계동,노원구 상계8동,노원구 상계8동
11110730.0,1135071000,1135010500,노원구,상계9동,상계9동,상계동,상계동,노원구 상계9동,노원구 상계9동
11110740.0,1135072000,1135010500,노원구,상계10동,상계10동,상계동,상계동,노원구 상계10동,노원구 상계10동
11120510.0,1138051000,1138010200,은평구,녹번동,녹번동,녹번동,녹번동,은평구 녹번동,은평구 녹번동
11120520.0,1138052000,1138010300,은평구,불광1동,불광제1동,불광동,불광동,은평구 불광1동,은평구 불광제1동
11120720.0,1138053000,1138010300,은평구,불광2동,불광제2동,불광동,불광동,은평구 불광2동,은평구 불광제2동
11120550.0,1138055100,1138010400,은평구,갈현1동,갈현제1동,갈현동,갈현동,은평구 갈현1동,은평구 갈현제1동
11120560.0,1138055200,1138010400,은평구,갈현2동,갈현제2동,갈현동,갈현동,은평구 갈현2동,은평구 갈현제2동
11120570.0,1138056000,1138010500,은평구,구산동,구산동,구산동,구산동,은평구 구산동,은평구 구산동
11120580.0,1138057000,1138010600,은평구,대조동,대조동,대조동,대조동,은평구 대조동,은평구 대조동
11120590.0,1138058000,1138010700,은평구,응암1동,응암제1동,응암동,응암동,은평구 응암1동,은평구 응암제1동
11120600.0,1138059000,1138010700,은평구,응암2동,응암제2동,응암동,응암동,은평구 응암2동,은평구 응암제2동
11120730.0,1138060000,1138010700,은평구,응암3동,응암제3동,응암동,응암동,은평구 응암3동,은평구 응암제3동
11120740.0,1138062500,1138010800,은평구,역촌동,역촌동,역촌동,역촌동,은평구 역촌동,은평구 역촌동
11120650.0,1138063100,1138010900,은평구,신사1동,신사제1동,신사동,신사동,은평구 신사1동,은평구 신사제1동
11120660.0,1138063200,1138010900,은평구,신사2동,신사제2동,신사동,신사동,은평구 신사2동,은평구 신사제2동
11120670.0,1138064000,1138011000,은평구,증산동,증산동,증산동,증산동,은평구 증산동,은평구 증산동
11120680.0,1138065000,1138010100,은평구,수색동,수색동,수색동,수색동,은평구 수색동,은평구 수색동
11120710.0,1138069000,1138011400,은평구,진관동,진관동,진관동,진관동,은평구 진관동,은평구 진관동
11130520.0,1141052000,1141010500,서대문구,천연동,천연동,냉천동,냉천동,서대문구 천연동,서대문구 천연동
11130520.0,1141052000,1141010600,서대문구,천연동,천연동,천연동,천연동,서대문구 천연동,서대문구 천연동
11130520.0,1141052000,1141010700,서대문구,천연동,천연동,옥천동,옥천동,서대문구 천연동,서대문구 천연동
11130520.0,1141052000,1141010800,서대문구,천연동,천연동,영천동,영천동,서대문구 천연동,서대문구 천연동
11130520.0,1141052000,1141010900,서대문구,천연동,천연동,현저동,현저동,서대문구 천연동,서대문구 천연동
11130740.0,1141055500,1141011000,서대문구,북아현동,북아현동,북아현동,북아현동,서대문구 북아현동,서대문구 북아현동
11130730.0,1141056500,1141010100,서대문구,충현동,충현동,충정로2가,충정로2가,서대문구 충현동,서대문구 충현동
11130730.0,1141056500,1141010200,서대문구,충현동,충현동,충정로3가,충정로3가,서대문구 충현동,서대문구 충현동
11130730.0,1141056500,1141010300,서대문구,충현동,충현동,합동,합동,서대문구 충현동,서대문구 충현동
11130730.0,1141056500,1141010400,서대문구,충현동,충현동,미근동,미근동,서대문구 충현동,서대문구 충현동
11130730.0,1141056500,1141011000,서대문구,충현동,충현동,북아현동,북아현동,서대문구 충현동,서대문구 충현동
11130750.0,1141058500,1141011200,서대문구,신촌동,신촌동,대현동,대현동,서대문구 신촌동,서대문구 신촌동
11130750.0,1141058500,1141011300,서대문구,신촌동,신촌동,대신동,대신동,서대문구 신촌동,서대문구 신촌동
11130750.0,1141058500,1141011400,서대문구,신촌동,신촌동,신촌동,신촌동,서대문구 신촌동,서대문구 신촌동
11130750.0,1141058500,1141011500,서대문구,신촌동,신촌동,봉원동,봉원동,서대문구 신촌동,서대문구 신촌동
11130750.0,1141058500,1141011600,서대문구,신촌동,신촌동,창천동,창천동,서대문구 신촌동,서대문구 신촌동
11130760.0,1141061500,1141011700,서대문구,연희동,연희동,연희동,연희동,서대문구 연희동,서대문구 연희동
11130620.0,1141062000,1141011100,서대문구,홍제1동,홍제제1동,홍제동,홍제동,서대문구 홍제1동,서대문구 홍제제1동
11130640.0,1141064000,1141011100,서대문구,홍제3동,홍제제3동,홍제동,홍제동,서대문구 홍제3동,서대문구 홍제제3동
11130650.0,1141065500,1141011100,서대문구,홍제2동,홍제제2동,홍제동,홍제동,서대문구 홍제2동,서대문구 홍제제2동
11130660.0,1141066000,1141011800,서대문구,홍은1동,홍은제1동,홍은동,홍은동,서대문구 홍은1동,서대문구 홍은제1동
11130680.0,1141068500,1141011800,서대문구,홍은2동,홍은제2동,홍은동,홍은동,서대문구 홍은2동,서대문구 홍은제2동
11130690.0,1141069000,1141012000,서대문구,남가좌1동,남가좌제1동,남가좌동,남가좌동,서대문구 남가좌1동,서대문구 남가좌제1동
11130700.0,1141070000,1141012000,서대문구,남가좌2동,남가좌제2동,남가좌동,남가좌동,서대문구 남가좌2동,서대문구 남가좌제2동
11130710.0,1141071000,1141011900,서대문구,북가좌1동,북가좌제1동,북가좌동,북가좌동,서대문구 북가좌1동,서대문구 북가좌제1동
11130720.0,1141072000,1141011900,서대문구,북가좌2동,북가좌제2동,북가좌동,북가좌동,서대문구 북가좌2동,서대문구 북가좌제2동
11140780.0,1144055500,1144010100,마포구,아현동,아현동,아현동,아현동,마포구 아현동,마포구 아현동
11140780.0,1144055500,1144010200,마포구,아현동,아현동,공덕동,공덕동,마포구 아현동,마포구 아현동
11140780.0,1144055500,1144010900,마포구,아현동,아현동,염리동,염리동,마포구 아현동,마포구 아현동
11140770.0,1144056500,1144010100,마포구,공덕동,공덕동,아현동,아현동,마포구 공덕동,마포구 공덕동
11140770.0,1144056500,1144010200,마포구,공덕동,공덕동,공덕동,공덕동,마포구 공덕동,마포구 공덕동
11140770.0,1144056500,1144010300,마포구,공덕동,공덕동,신공덕동,신공덕동,마포구 공덕동,마포구 공덕동
11140770.0,1144056500,1144010400,마포구,공덕동,공덕동,도화동,도화동,마포구 공덕동,마포구 공덕동
11140750.0,1144058500,1144010400,마포구,도화동,도화동,도화동,도화동,마포구 도화동,마포구 도화동
11140750.0,1144058500,1144010700,마포구,도화동,도화동,마포동,마포동,마포구 도화동,마포구 도화동
11140590.0,1144059000,1144010400,마포구,용강동,용강동,도화동,도화동,마포구 용강동,마포구 용강동
11140590.0,1144059000,1144010500,마포구,용강동,용강동,용강동,용강동,마포구 용강동,마포구 용강동
11140590.0,1144059000,1144010600,마포구,용강동,용강동,토정동,토정동,마포구 용강동,마포구 용강동
11140590.0,1144059000,1144010700,마포구,용강동,용강동,마포동,마포동,마포구 용강동,마포구 용강동
11140590.0,1144059000,1144010800,마포구,용강동,용강동,대흥동,대흥동,마포구 용강동,마포구 용강동
11140590.0,1144059000,1144010900,마포구,용강동,용강동,염리동,염리동,마포구 용강동,마포구 용강동
11140600.0,1144060000,1144010800,마포구,대흥동,대흥동,대흥동,대흥동,마포구 대흥동,마포구 대흥동
11140600.0,1144060000,1144011000,마포구,대흥동,대흥동,노고산동,노고산동,마포구 대흥동,마포구 대흥동
11140600.0,1144060000,1144011100,마포구,대흥동,대흥동,신수동,신수동,마포구 대흥동,마포구 대흥동
11140610.0,1144061000,1144010200,마포구,염리동,염리동,공덕동,공덕동,마포구 염리동,마포구 염리동
11140610.0,1144061000,1144010900,마포구,염리동,염리동,염리동,염리동,마포구 염리동,마포구 염리동
11140630.0,1144063000,1144010800,마포구,신수동,신수동,대흥동,대흥동,마포구 신수동,마포구 신수동
11140630.0,1144063000,1144011100,마포구,신수동,신수동,신수동,신수동,마포구 신수동,마포구 신수동
11140630.0,1144063000,1144011200,마포구,신수동,신수동,현석동,현석동,마포구 신수동,마포구 신수동
11140630.0,1144063000,1144011300,마포구,신수동,신수동,구수동,구수동,마포구 신수동,마포구 신수동
11140630.0,1144063000,1144011700,마포구,신수동,신수동,신정동,신정동,마포구 신수동,마포구 신수동
11140760.0,1144065500,1144011400,마포구,서강동,서강동,창전동,창전동,마포구 서강동,마포구 서강동
11140760.0,1144065500,1144011500,마포구,서강동,서강동,상수동,상수동,마포구 서강동,마포구 서강동
11140760.0,1144065500,1144011600,마포구,서강동,서강동,하중동,하중동,마포구 서강동,마포구 서강동
11140760.0,1144065500,1144011700,마포구,서강동,서강동,신정동,신정동,마포구 서강동,마포구 서강동
11140760.0,1144065500,1144011800,마포구,서강동,서강동,당인동,당인동,마포구 서강동,마포구 서강동
11140660.0,1144066000,1144011000,마포구,서교동,서교동,노고산동,노고산동,마포구 서교동,마포구 서교동
11140660.0,1144066000,1144012000,마포구,서교동,서교동,서교동,서교동,마포구 서교동,마포구 서교동
11140660.0,1144066000,1144012100,마포구,서교동,서교동,동교동,동교동,마포구 서교동,마포구 서교동
11140680.0,1144068000,1144012200,마포구,합정동,합정동,합정동,합정동,마포구 합정동,마포구 합정동
11140690.0,1144069000,1144012300,마포구,망원1동,망원제1동,망원동,망원동,마포구 망원1동,마포구 망원제1동
11140700.0,1144070000,1144012300,마포구,망원2동,망원제2동,망원동,망원동,마포구 망원2동,마포구 망원제2동
11140710.0,1144071000,1144012400,마포구,연남동,연남동,연남동,연남동,마포구 연남동,마포구 연남동
11140720.0,1144072000,1144012500,마포구,성산1동,성산제1동,성산동,성산동,마포구 성산1동,마포구 성산제1동
11140730.0,1144073000,1144012500,마포구,성산2동,성산제2동,성산동,성산동,마포구 성산2동,마포구 성산제2동
11140730.0,1144073000,1144012600,마포구,성산2동,성산제2동,중동,중동,마포구 성산2동,마포구 성산제2동
11140740.0,1144074000,1144012700,마포구,상암동,상암동,상암동,상암동,마포구 상암동,마포구 상암동
11150510.0,1147051000,1147010200,양천구,목1동,목1동,목동,목동,양천구 목1동,양천구 목1동
11150520.0,1147052000,1147010200,양천구,목2동,목2동,목동,목동,양천구 목2동,양천구 목2동
11150530.0,1147053000,1147010200,양천구,목3동,목3동,목동,목동,양천구 목3동,양천구 목3동
11150540.0,1147054000,1147010200,양천구,목4동,목4동,목동,목동,양천구 목4동,양천구 목4동
11150710.0,1147055000,1147010200,양천구,목5동,목5동,목동,목동,양천구 목5동,양천구 목5동
11150570.0,1147056000,1147010300,양천구,신월1동,신월1동,신월동,신월동,양천구 신월1동,양천구 신월1동
11150580.0,1147057000,1147010300,양천구,신월2동,신월2동,신월동,신월동,양천구 신월2동,양천구 신월2동
11150590.0,1147058000,1147010300,양천구,신월3동,신월3동,신월동,신월동,양천구 신월3동,양천구 신월3동
11150600.0,1147059000,1147010300,양천구,신월4동,신월4동,신월동,신월동,양천구 신월4동,양천구 신월4동
11150610.0,1147060000,1147010300,양천구,신월5동,신월5동,신월동,신월동,양천구 신월5동,양천구 신월5동
11150620.0,1147061000,1147010300,양천구,신월6동,신월6동,신월동,신월동,양천구 신월6동,양천구 신월6동
11150630.0,1147061100,1147010300,양천구,신월7동,신월7동,신월동,신월동,양천구 신월7동,양천구 신월7동
11150640.0,1147062000,1147010100,양천구,신정1동,신정1동,신정동,신정동,양천구 신정1동,양천구 신정1동
11150650.0,1147063000,1147010100,양천구,신정2동,신정2동,신정동,신정동,양천구 신정2동,양천구 신정2동
11150660.0,1147064000,1147010100,양천구,신정3동,신정3동,신정동,신정동,양천구 신정3동,양천구 신정3동
11150720.0,1147065000,1147010100,양천구,신정4동,신정4동,신정동,신정동,양천구 신정4동,양천구 신정4동
11150690.0,1147067000,1147010100,양천구,신정6동,신정6동,신정동,신정동,양천구 신정6동,양천구 신정6동
11150700.0,1147068000,1147010100,양천구,신정7동,신정7동,신정동,신정동,양천구 신정7동,양천구 신정7동
11160510.0,1150051000,1150010100,강서구,염창동,염창동,염창동,염창동,강서구 염창동,강서구 염창동
11160510.0,1150051000,1150010400,강서구,염창동,염창동,가양동,가양동,강서구 염창동,강서구 염창동
11160520.0,1150052000,1150010200,강서구,등촌1동,등촌제1동,등촌동,등촌동,강서구 등촌1동,강서구 등촌제1동
11160530.0,1150053000,1150010200,강서구,등촌2동,등촌제2동,등촌동,등촌동,강서구 등촌2동,강서구 등촌제2동
11160540.0,1150053500,1150010200,강서구,등촌3동,등촌제3동,등촌동,등촌동,강서구 등촌3동,강서구 등촌제3동
11160730.0,1150054000,1150010300,강서구,화곡1동,화곡제1동,화곡동,화곡동,강서구 화곡1동,강서구 화곡제1동
11160570.0,1150055000,1150010300,강서구,화곡2동,화곡제2동,화곡동,화곡동,강서구 화곡2동,강서구 화곡제2동
11160580.0,1150056000,1150010300,강서구,화곡3동,화곡제3동,화곡동,화곡동,강서구 화곡3동,강서구 화곡제3동
11160590.0,1150057000,1150010300,강서구,화곡4동,화곡제4동,화곡동,화곡동,강서구 화곡4동,강서구 화곡제4동
11160550.0,1150059000,1150010300,강서구,화곡본동,화곡본동,화곡동,화곡동,강서구 화곡본동,강서구 화곡본동
11160610.0,1150059100,1150010300,강서구,화곡6동,화곡제6동,화곡동,화곡동,강서구 화곡6동,강서구 화곡제6동
11160630.0,1150059300,1150010300,강서구,화곡8동,화곡제8동,화곡동,화곡동,강서구 화곡8동,강서구 화곡제8동
11160640.0,1150060300,1150010400,강서구,가양1동,가양제1동,가양동,가양동,강서구 가양1동,강서구 가양제1동
11160640.0,1150060300,1150010500,강서구,가양1동,가양제1동,마곡동,마곡동,강서구 가양1동,강서구 가양제1동
11160650.0,1150060400,1150010400,강서구,가양2동,가양제2동,가양동,가양동,강서구 가양2동,강서구 가양제2동
11160660.0,1150060500,1150010400,강서구,가양3동,가양제3동,가양동,가양동,강서구 가양3동,강서구 가양제3동
11160670.0,1150061100,1150010500,강서구,발산1동,발산제1동,마곡동,마곡동,강서구 발산1동,강서구 발산제1동
11160670.0,1150061100,1150010600,강서구,발산1동,발산제1동,내발산동,내발산동,강서구 발산1동,강서구 발산제1동
11160670.0,1150061100,1150010700,강서구,발산1동,발산제1동,외발산동,외발산동,강서구 발산1동,강서구 발산제1동
11160740.0,1150061500,1150010300,강서구,우장산동,우장산동,화곡동,화곡동,강서구 우장산동,강서구 우장산동
11160740.0,1150061500,1150010600,강서구,우장산동,우장산동,내발산동,내발산동,강서구 우장산동,강서구 우장산동
11160690.0,1150062000,1150010500,강서구,공항동,공항동,마곡동,마곡동,강서구 공항동,강서구 공항동
11160690.0,1150062000,1150010800,강서구,공항동,공항동,공항동,공항동,강서구 공항동,강서구 공항동
11160690.0,1150062000,1150010900,강서구,공항동,공항동,방화동,방화동,강서구 공항동,강서구 공항동
11160690.0,1150062000,1150011100,강서구,공항동,공항동,과해동,과해동,강서구 공항동,강서구 공항동
11160690.0,1150062000,1150011200,강서구,공항동,공항동,오곡동,오곡동,강서구 공항동,강서구 공항동
11160690.0,1150062000,1150011300,강서구,공항동,공항동,오쇠동,오쇠동,강서구 공항동,강서구 공항동
11160700.0,1150063000,1150010500,강서구,방화1동,방화제1동,마곡동,마곡동,강서구 방화1동,강서구 방화제1동
11160700.0,1150063000,1150010800,강서구,방화1동,방화제1동,공항동,공항동,강서구 방화1동,강서구 방화제1동
11160700.0,1150063000,1150010900,강서구,방화1동,방화제1동,방화동,방화동,강서구 방화1동,강서구 방화제1동
11160710.0,1150064000,1150010900,강서구,방화2동,방화제2동,방화동,방화동,강서구 방화2동,강서구 방화제2동
11160710.0,1150064000,1150011000,강서구,방화2동,방화제2동,개화동,개화동,강서구 방화2동,강서구 방화제2동
11160720.0,1150064100,1150010900,강서구,방화3동,방화제3동,방화동,방화동,강서구 방화3동,강서구 방화제3동
11170510.0,1153051000,1153010100,구로구,신도림동,신도림동,신도림동,신도림동,구로구 신도림동,구로구 신도림동
11170520.0,1153052000,1153010200,구로구,구로1동,구로제1동,구로동,구로동,구로구 구로1동,구로구 구로제1동
11170710.0,1153053000,1153010200,구로구,구로2동,구로제2동,구로동,구로동,구로구 구로2동,구로구 구로제2동
11170540.0,1153054000,1153010200,구로구,구로3동,구로제3동,구로동,구로동,구로구 구로3동,구로구 구로제3동
11170550.0,1153055000,1153010200,구로구,구로4동,구로제4동,구로동,구로동,구로구 구로4동,구로구 구로제4동
11170560.0,1153056000,1153010200,구로구,구로5동,구로제5동,구로동,구로동,구로구 구로5동,구로구 구로제5동
11170700.0,1153059500,1153010300,구로구,가리봉동,가리봉동,가리봉동,가리봉동,구로구 가리봉동,구로구 가리봉동
11170610.0,1153072000,1153010600,구로구,고척1동,고척제1동,고척동,고척동,구로구 고척1동,구로구 고척제1동
11170620.0,1153073000,1153010600,구로구,고척2동,고척제2동,고척동,고척동,구로구 고척2동,구로구 고척제2동
11170720.0,1153074000,1153010700,구로구,개봉1동,개봉제1동,개봉동,개봉동,구로구 개봉1동,구로구 개봉제1동
11170640.0,1153075000,1153010700,구로구,개봉2동,개봉제2동,개봉동,개봉동,구로구 개봉2동,구로구 개봉제2동
11170650.0,1153076000,1153010700,구로구,개봉3동,개봉제3동,개봉동,개봉동,구로구 개봉3동,구로구 개봉제3동
11170670.0,1153077000,1153010800,구로구,오류1동,오류제1동,오류동,오류동,구로구 오류1동,구로구 오류제1동
11170730.0,1153078000,1153010800,구로구,오류2동,오류제2동,오류동,오류동,구로구 오류2동,구로구 오류제2동
11170730.0,1153078000,1153011100,구로구,오류2동,오류제2동,천왕동,천왕동,구로구 오류2동,구로구 오류제2동
11170690.0,1153079000,1153010900,구로구,수궁동,수궁동,궁동,궁동,구로구 수궁동,구로구 수궁동
11170690.0,1153079000,1153011000,구로구,수궁동,수궁동,온수동,온수동,구로구 수궁동,구로구 수궁동
11170740.0,1153080000,1153011200,구로구,항동,항동,항동,항동,구로구 항동,구로구 항동
11180510.0,1154551000,1154510100,금천구,가산동,가산동,가산동,가산동,금천구 가산동,금천구 가산동
11180520.0,1154561000,1154510200,금천구,독산1동,독산제1동,독산동,독산동,금천구 독산1동,금천구 독산제1동
11180530.0,1154562000,1154510200,금천구,독산2동,독산제2동,독산동,독산동,금천구 독산2동,금천구 독산제2동
11180540.0,1154563000,1154510200,금천구,독산3동,독산제3동,독산동,독산동,금천구 독산3동,금천구 독산제3동
11180550.0,1154564000,1154510200,금천구,독산4동,독산제4동,독산동,독산동,금천구 독산4동,금천구 독산제4동
11180570.0,1154567000,1154510300,금천구,시흥1동,시흥제1동,시흥동,시흥동,금천구 시흥1동,금천구 시흥제1동
11180580.0,1154568000,1154510300,금천구,시흥2동,시흥제2동,시흥동,시흥동,금천구 시흥2동,금천구 시흥제2동
11180590.0,1154569000,1154510300,금천구,시흥3동,시흥제3동,시흥동,시흥동,금천구 시흥3동,금천구 시흥제3동
11180600.0,1154570000,1154510300,금천구,시흥4동,시흥제4동,시흥동,시흥동,금천구 시흥4동,금천구 시흥제4동
11180610.0,1154571000,1154510300,금천구,시흥5동,시흥제5동,시흥동,시흥동,금천구 시흥5동,금천구 시흥제5동
11190730.0,1156051500,1156010100,영등포구,영등포본동,영등포본동,영등포동,영등포동,영등포구 영등포본동,영등포구 영등포본동
11190730.0,1156051500,1156013200,영등포구,영등포본동,영등포본동,신길동,신길동,영등포구 영등포본동,영등포구 영등포본동
11190740.0,1156053500,1156010100,영등포구,영등포동,영등포동,영등포동,영등포동,영등포구 영등포동,영등포구 영등포동
11190740.0,1156053500,1156010200,영등포구,영등포동,영등포동,영등포동1가,영등포동1가,영등포구 영등포동,영등포구 영등포동
11190740.0,1156053500,1156010300,영등포구,영등포동,영등포동,영등포동2가,영등포동2가,영등포구 영등포동,영등포구 영등포동
11190740.0,1156053500,1156010400,영등포구,영등포동,영등포동,영등포동3가,영등포동3가,영등포구 영등포동,영등포구 영등포동
11190740.0,1156053500,1156010500,영등포구,영등포동,영등포동,영등포동4가,영등포동4가,영등포구 영등포동,영등포구 영등포동
11190740.0,1156053500,1156010600,영등포구,영등포동,영등포동,영등포동5가,영등포동5가,영등포구 영등포동,영등포구 영등포동
11190740.0,1156053500,1156010700,영등포구,영등포동,영등포동,영등포동6가,영등포동6가,영등포구 영등포동,영등포구 영등포동
11190740.0,1156053500,1156010800,영등포구,영등포동,영등포동,영등포동7가,영등포동7가,영등포구 영등포동,영등포구 영등포동
11190740.0,1156053500,1156010900,영등포구,영등포동,영등포동,영등포동8가,영등포동8가,영등포구 영등포동,영등포구 영등포동
11190540.0,1156054000,1156011000,영등포구,여의동,여의동,여의도동,여의도동,영등포구 여의동,영등포구 여의동
11190550.0,1156055000,1156011100,영등포구,당산1동,당산제1동,당산동1가,당산동1가,영등포구 당산1동,영등포구 당산제1동
11190550.0,1156055000,1156011200,영등포구,당산1동,당산제1동,당산동2가,당산동2가,영등포구 당산1동,영등포구 당산제1동
11190550.0,1156055000,1156011300,영등포구,당산1동,당산제1동,당산동3가,당산동3가,영등포구 당산1동,영등포구 당산제1동
11190560.0,1156056000,1156011400,영등포구,당산2동,당산제2동,당산동4가,당산동4가,영등포구 당산2동,영등포구 당산제2동
11190560.0,1156056000,1156011500,영등포구,당산2동,당산제2동,당산동5가,당산동5가,영등포구 당산2동,영등포구 당산제2동
11190560.0,1156056000,1156011600,영등포구,당산2동,당산제2동,당산동6가,당산동6가,영등포구 당산2동,영등포구 당산제2동
11190560.0,1156056000,1156011700,영등포구,당산2동,당산제2동,당산동,당산동,영등포구 당산2동,영등포구 당산제2동
11190750.0,1156058500,1156011800,영등포구,도림동,도림동,도림동,도림동,영등포구 도림동,영등포구 도림동
11190760.0,1156060500,1156011900,영등포구,문래동,문래동,문래동1가,문래동1가,영등포구 문래동,영등포구 문래동
11190760.0,1156060500,1156012000,영등포구,문래동,문래동,문래동2가,문래동2가,영등포구 문래동,영등포구 문래동
11190760.0,1156060500,1156012100,영등포구,문래동,문래동,문래동3가,문래동3가,영등포구 문래동,영등포구 문래동
11190760.0,1156060500,1156012200,영등포구,문래동,문래동,문래동4가,문래동4가,영등포구 문래동,영등포구 문래동
11190760.0,1156060500,1156012300,영등포구,문래동,문래동,문래동5가,문래동5가,영등포구 문래동,영등포구 문래동
11190760.0,1156060500,1156012400,영등포구,문래동,문래동,문래동6가,문래동6가,영등포구 문래동,영등포구 문래동
11190610.0,1156061000,1156012500,영등포구,양평1동,양평제1동,양평동1가,양평동1가,영등포구 양평1동,영등포구 양평제1동
11190610.0,1156061000,1156012600,영등포구,양평1동,양평제1동,양평동2가,양평동2가,영등포구 양평1동,영등포구 양평제1동
11190610.0,1156061000,1156012700,영등포구,양평1동,양평제1동,양평동3가,양평동3가,영등포구 양평1동,영등포구 양평제1동
11190620.0,1156062000,1156012700,영등포구,양평2동,양평제2동,양평동3가,양평동3가,영등포구 양평2동,영등포구 양평제2동
11190620.0,1156062000,1156012800,영등포구,양평2동,양평제2동,양평동4가,양평동4가,영등포구 양평2동,영등포구 양평제2동
11190620.0,1156062000,1156012900,영등포구,양평2동,양평제2동,양평동5가,양평동5가,영등포구 양평2동,영등포구 양평제2동
11190620.0,1156062000,1156013000,영등포구,양평2동,양평제2동,양평동6가,양평동6가,영등포구 양평2동,영등포구 양평제2동
11190620.0,1156062000,1156013100,영등포구,양평2동,양평제2동,양화동,양화동,영등포구 양평2동,영등포구 양평제2동
11190620.0,1156062000,1156013400,영등포구,양평2동,양평제2동,양평동,양평동,영등포구 양평2동,영등포구 양평제2동
11190630.0,1156063000,1156013200,영등포구,신길1동,신길제1동,신길동,신길동,영등포구 신길1동,영등포구 신길제1동
11190650.0,1156065000,1156013200,영등포구,신길3동,신길제3동,신길동,신길동,영등포구 신길3동,영등포구 신길제3동
11190660.0,1156066000,1156013200,영등포구,신길4동,신길제4동,신길동,신길동,영등포구 신길4동,영등포구 신길제4동
11190670.0,1156067000,1156013200,영등포구,신길5동,신길제5동,신길동,신길동,영등포구 신길5동,영등포구 신길제5동
11190670.0,1156067000,1156013300,영등포구,신길5동,신길제5동,대림동,대림동,영등포구 신길5동,영등포구 신길제5동
11190680.0,1156068000,1156013200,영등포구,신길6동,신길제6동,신길동,신길동,영등포구 신길6동,영등포구 신길제6동
11190690.0,1156069000,1156013200,영등포구,신길7동,신길제7동,신길동,신길동,영등포구 신길7동,영등포구 신길제7동
11190700.0,1156070000,1156013300,영등포구,대림1동,대림제1동,대림동,대림동,영등포구 대림1동,영등포구 대림제1동
11190710.0,1156071000,1156013300,영등포구,대림2동,대림제2동,대림동,대림동,영등포구 대림2동,영등포구 대림제2동
11190720.0,1156072000,1156013300,영등포구,대림3동,대림제3동,대림동,대림동,영등포구 대림3동,영등포구 대림제3동
11200720.0,1159051000,1159010100,동작구,노량진1동,노량진제1동,노량진동,노량진동,동작구 노량진1동,동작구 노량진제1동
11200720.0,1159051000,1159010400,동작구,노량진1동,노량진제1동,본동,본동,동작구 노량진1동,동작구 노량진제1동
11200520.0,1159052000,1159010100,동작구,노량진2동,노량진제2동,노량진동,노량진동,동작구 노량진2동,동작구 노량진제2동
11200530.0,1159053000,1159010200,동작구,상도1동,상도제1동,상도동,상도동,동작구 상도1동,동작구 상도제1동
11200530.0,1159053000,1159010300,동작구,상도1동,상도제1동,상도1동,상도1동,동작구 상도1동,동작구 상도제1동
11200540.0,1159054000,1159010200,동작구,상도2동,상도제2동,상도동,상도동,동작구 상도2동,동작구 상도제2동
11200550.0,1159055000,1159010200,동작구,상도3동,상도제3동,상도동,상도동,동작구 상도3동,동작구 상도제3동
11200560.0,1159056000,1159010200,동작구,상도4동,상도제4동,상도동,상도동,동작구 상도4동,동작구 상도제4동
11200710.0,1159060500,1159010500,동작구,흑석동,흑석동,흑석동,흑석동,동작구 흑석동,동작구 흑석동
11200630.0,1159062000,1159010700,동작구,사당1동,사당제1동,사당동,사당동,동작구 사당1동,동작구 사당제1동
11200730.0,1159063000,1159010600,동작구,사당2동,사당제2동,동작동,동작동,동작구 사당2동,동작구 사당제2동
11200730.0,1159063000,1159010700,동작구,사당2동,사당제2동,사당동,사당동,동작구 사당2동,동작구 사당제2동
11200650.0,1159064000,1159010700,동작구,사당3동,사당제3동,사당동,사당동,동작구 사당3동,동작구 사당제3동
11200660.0,1159065000,1159010700,동작구,사당4동,사당제4동,사당동,사당동,동작구 사당4동,동작구 사당제4동
11200670.0,1159065100,1159010700,동작구,사당5동,사당제5동,사당동,사당동,동작구 사당5동,동작구 사당제5동
11200680.0,1159066000,1159010800,동작구,대방동,대방동,대방동,대방동,동작구 대방동,동작구 대방동
11200690.0,1159067000,1159010900,동작구,신대방1동,신대방제1동,신대방동,신대방동,동작구 신대방1동,동작구 신대방제1동
11200700.0,1159068000,1159010900,동작구,신대방2동,신대방제2동,신대방동,신대방동,동작구 신대방2동,동작구 신대방제2동
11210520.0,1162052500,1162010100,관악구,보라매동,보라매동,봉천동,봉천동,관악구 보라매동,관악구 보라매동
11210540.0,1162054500,1162010100,관악구,청림동,청림동,봉천동,봉천동,관악구 청림동,관악구 청림동
11210790.0,1162056500,1162010100,관악구,성현동,성현동,봉천동,봉천동,관악구 성현동,관악구 성현동
11210570.0,1162057500,1162010100,관악구,행운동,행운동,봉천동,봉천동,관악구 행운동,관악구 행운동
11210580.0,1162058500,1162010100,관악구,낙성대동,낙성대동,봉천동,봉천동,관악구 낙성대동,관악구 낙성대동
11210800.0,1162059500,1162010100,관악구,청룡동,청룡동,봉천동,봉천동,관악구 청룡동,관악구 청룡동
11210780.0,1162060500,1162010100,관악구,은천동,은천동,봉천동,봉천동,관악구 은천동,관악구 은천동
11210610.0,1162061500,1162010100,관악구,중앙동,중앙동,봉천동,봉천동,관악구 중앙동,관악구 중앙동
11210620.0,1162062500,1162010100,관악구,인헌동,인헌동,봉천동,봉천동,관악구 인헌동,관악구 인헌동
11210630.0,1162063000,1162010300,관악구,남현동,남현동,남현동,남현동,관악구 남현동,관악구 남현동
11210640.0,1162064500,1162010200,관악구,서원동,서원동,신림동,신림동,관악구 서원동,관악구 서원동
11210650.0,1162065500,1162010200,관악구,신원동,신원동,신림동,신림동,관악구 신원동,관악구 신원동
11210660.0,1162066500,1162010200,관악구,서림동,서림동,신림동,신림동,관악구 서림동,관악구 서림동
11210680.0,1162068500,1162010200,관악구,신사동,신사동,신림동,신림동,관악구 신사동,관악구 신사동
11210690.0,1162069500,1162010200,관악구,신림동,신림동,신림동,신림동,관악구 신림동,관악구 신림동
11210710.0,1162071500,1162010200,관악구,난향동,난향동,신림동,신림동,관악구 난향동,관악구 난향동
11210720.0,1162072500,1162010200,관악구,조원동,조원동,신림동,신림동,관악구 조원동,관악구 조원동
11210730.0,1162073500,1162010200,관악구,대학동,대학동,신림동,신림동,관악구 대학동,관악구 대학동
11210820.0,1162074500,1162010200,관악구,삼성동,삼성동,신림동,신림동,관악구 삼성동,관악구 삼성동
11210830.0,1162076500,1162010200,관악구,미성동,미성동,신림동,신림동,관악구 미성동,관악구 미성동
11210810.0,1162077500,1162010200,관악구,난곡동,난곡동,신림동,신림동,관악구 난곡동,관악구 난곡동
11220510.0,1165051000,1165010800,서초구,서초1동,서초1동,서초동,서초동,서초구 서초1동,서초구 서초1동
11220520.0,1165052000,1165010800,서초구,서초2동,서초2동,서초동,서초동,서초구 서초2동,서초구 서초2동
11220530.0,1165053000,1165010100,서초구,서초3동,서초3동,방배동,방배동,서초구 서초3동,서초구 서초3동
11220530.0,1165053000,1165010800,서초구,서초3동,서초3동,서초동,서초동,서초구 서초3동,서초구 서초3동
11220540.0,1165053100,1165010800,서초구,서초4동,서초4동,서초동,서초동,서초구 서초4동,서초구 서초4동
11220550.0,1165054000,1165010600,서초구,잠원동,잠원동,잠원동,잠원동,서초구 잠원동,서초구 잠원동
11220560.0,1165055000,1165010700,서초구,반포본동,반포본동,반포동,반포동,서초구 반포본동,서초구 반포본동
11220570.0,1165056000,1165010700,서초구,반포1동,반포1동,반포동,반포동,서초구 반포1동,서초구 반포1동
11220580.0,1165057000,1165010700,서초구,반포2동,반포2동,반포동,반포동,서초구 반포2동,서초구 반포2동
11220590.0,1165058000,1165010600,서초구,반포3동,반포3동,잠원동,잠원동,서초구 반포3동,서초구 반포3동
11220600.0,1165058100,1165010700,서초구,반포4동,반포4동,반포동,반포동,서초구 반포4동,서초구 반포4동
11220610.0,1165059000,1165010100,서초구,방배본동,방배본동,방배동,방배동,서초구 방배본동,서초구 방배본동
11220620.0,1165060000,1165010100,서초구,방배1동,방배1동,방배동,방배동,서초구 방배1동,서초구 방배1동
11220630.0,1165061000,1165010100,서초구,방배2동,방배2동,방배동,방배동,서초구 방배2동,서초구 방배2동
11220640.0,1165062000,1165010100,서초구,방배3동,방배3동,방배동,방배동,서초구 방배3동,서초구 방배3동
11220650.0,1165062100,1165010100,서초구,방배4동,방배4동,방배동,방배동,서초구 방배4동,서초구 방배4동
11220660.0,1165065100,1165010200,서초구,양재1동,양재1동,양재동,양재동,서초구 양재1동,서초구 양재1동
11220660.0,1165065100,1165010300,서초구,양재1동,양재1동,우면동,우면동,서초구 양재1동,서초구 양재1동
11220670.0,1165065200,1165010200,서초구,양재2동,양재2동,양재동,양재동,서초구 양재2동,서초구 양재2동
11220670.0,1165065200,1165010400,서초구,양재2동,양재2동,원지동,원지동,서초구 양재2동,서초구 양재2동
11220680.0,1165066000,1165010900,서초구,내곡동,내곡동,내곡동,내곡동,서초구 내곡동,서초구 내곡동
11220680.0,1165066000,1165011000,서초구,내곡동,내곡동,염곡동,염곡동,서초구 내곡동,서초구 내곡동
11220680.0,1165066000,1165011100,서초구,내곡동,내곡동,신원동,신원동,서초구 내곡동,서초구 내곡동
11230510.0,1168051000,1168010700,강남구,신사동,신사동,신사동,신사동,강남구 신사동,강남구 신사동
11230510.0,1168051000,1168011000,강남구,신사동,신사동,압구정동,압구정동,강남구 신사동,강남구 신사동
11230520.0,1168052100,1168010800,강남구,논현1동,논현1동,논현동,논현동,강남구 논현1동,강남구 논현1동
11230530.0,1168053100,1168010800,강남구,논현2동,논현2동,논현동,논현동,강남구 논현2동,강남구 논현2동
11230770.0,1168054500,1168010700,강남구,압구정동,압구정동,신사동,신사동,강남구 압구정동,강남구 압구정동
11230770.0,1168054500,1168011000,강남구,압구정동,압구정동,압구정동,압구정동,강남구 압구정동,강남구 압구정동
11230780.0,1168056500,1168010400,강남구,청담동,청담동,청담동,청담동,강남구 청담동,강남구 청담동
11230580.0,1168058000,1168010500,강남구,삼성1동,삼성1동,삼성동,삼성동,강남구 삼성1동,강남구 삼성1동
11230590.0,1168059000,1168010500,강남구,삼성2동,삼성2동,삼성동,삼성동,강남구 삼성2동,강남구 삼성2동
11230600.0,1168060000,1168010600,강남구,대치1동,대치1동,대치동,대치동,강남구 대치1동,강남구 대치1동
11230790.0,1168061000,1168010600,강남구,대치2동,대치2동,대치동,대치동,강남구 대치2동,강남구 대치2동
11230630.0,1168063000,1168010600,강남구,대치4동,대치4동,대치동,대치동,강남구 대치4동,강남구 대치4동
11230640.0,1168064000,1168010100,강남구,역삼1동,역삼1동,역삼동,역삼동,강남구 역삼1동,강남구 역삼1동
11230650.0,1168065000,1168010100,강남구,역삼2동,역삼2동,역삼동,역삼동,강남구 역삼2동,강남구 역삼2동
11230660.0,1168065500,1168011800,강남구,도곡1동,도곡1동,도곡동,도곡동,강남구 도곡1동,강남구 도곡1동
11230670.0,1168065600,1168011800,강남구,도곡2동,도곡2동,도곡동,도곡동,강남구 도곡2동,강남구 도곡2동
11230680.0,1168066000,1168010300,강남구,개포1동,개포1동,개포동,개포동,강남구 개포1동,강남구 개포1동
11230800.0,1168067000,1168010300,강남구,개포2동,개포2동,개포동,개포동,강남구 개포2동,강남구 개포2동
11230800.0,1168067000,1168011400,강남구,개포2동,개포2동,일원동,일원동,강남구 개포2동,강남구 개포2동
11230511.0,1168067500,1168010300,강남구,개포3동,개포3동,개포동,개포동,강남구 개포3동,강남구 개포3동
11230511.0,1168067500,1168010600,강남구,개포3동,개포3동,대치동,대치동,강남구 개포3동,강남구 개포3동
11230511.0,1168067500,1168011400,강남구,개포3동,개포3동,일원동,일원동,강남구 개포3동,강남구 개포3동
11230710.0,1168069000,1168010300,강남구,개포4동,개포4동,개포동,개포동,강남구 개포4동,강남구 개포4동
11230760.0,1168070000,1168011100,강남구,세곡동,세곡동,세곡동,세곡동,강남구 세곡동,강남구 세곡동
11230760.0,1168070000,1168011200,강남구,세곡동,세곡동,자곡동,자곡동,강남구 세곡동,강남구 세곡동
11230760.0,1168070000,1168011300,강남구,세곡동,세곡동,율현동,율현동,강남구 세곡동,강남구 세곡동
11230720.0,1168072000,1168011400,강남구,일원본동,일원본동,일원동,일원동,강남구 일원본동,강남구 일원본동
11230720.0,1168072000,1168011500,강남구,일원본동,일원본동,수서동,수서동,강남구 일원본동,강남구 일원본동
11230730.0,1168073000,1168011400,강남구,일원1동,일원1동,일원동,일원동,강남구 일원1동,강남구 일원1동
11230730.0,1168073000,1168011500,강남구,일원1동,일원1동,수서동,수서동,강남구 일원1동,강남구 일원1동
11230750.0,1168075000,1168011500,강남구,수서동,수서동,수서동,수서동,강남구 수서동,강남구 수서동
11240510.0,1171051000,1171010300,송파구,풍납1동,풍납1동,풍납동,풍납동,송파구 풍납1동,송파구 풍납1동
11240520.0,1171052000,1171010300,송파구,풍납2동,풍납2동,풍납동,풍납동,송파구 풍납2동,송파구 풍납2동
11240530.0,1171053100,1171011300,송파구,거여1동,거여1동,거여동,거여동,송파구 거여1동,송파구 거여1동
11240540.0,1171053200,1171011300,송파구,거여2동,거여2동,거여동,거여동,송파구 거여2동,송파구 거여2동
11240550.0,1171054000,1171011400,송파구,마천1동,마천1동,마천동,마천동,송파구 마천1동,송파구 마천1동
11240560.0,1171055000,1171011400,송파구,마천2동,마천2동,마천동,마천동,송파구 마천2동,송파구 마천2동
11240570.0,1171056100,1171011100,송파구,방이1동,방이1동,방이동,방이동,송파구 방이1동,송파구 방이1동
11240580.0,1171056200,1171011100,송파구,방이2동,방이2동,방이동,방이동,송파구 방이2동,송파구 방이2동
11240590.0,1171056600,1171011100,송파구,오륜동,오륜동,방이동,방이동,송파구 오륜동,송파구 오륜동
11240600.0,1171057000,1171011200,송파구,오금동,오금동,오금동,오금동,송파구 오금동,송파구 오금동
11240610.0,1171058000,1171010400,송파구,송파1동,송파1동,송파동,송파동,송파구 송파1동,송파구 송파1동
11240620.0,1171059000,1171010400,송파구,송파2동,송파2동,송파동,송파동,송파구 송파2동,송파구 송파2동
11240630.0,1171060000,1171010500,송파구,석촌동,석촌동,석촌동,석촌동,송파구 석촌동,송파구 석촌동
11240640.0,1171061000,1171010600,송파구,삼전동,삼전동,삼전동,삼전동,송파구 삼전동,송파구 삼전동
11240650.0,1171062000,1171010700,송파구,가락본동,가락본동,가락동,가락동,송파구 가락본동,송파구 가락본동
11240660.0,1171063100,1171010700,송파구,가락1동,가락1동,가락동,가락동,송파구 가락1동,송파구 가락1동
11240670.0,1171063200,1171010700,송파구,가락2동,가락2동,가락동,가락동,송파구 가락2동,송파구 가락2동
11240680.0,1171064100,1171010800,송파구,문정1동,문정1동,문정동,문정동,송파구 문정1동,송파구 문정1동
11240690.0,1171064200,1171010800,송파구,문정2동,문정2동,문정동,문정동,송파구 문정2동,송파구 문정2동
11240690.0,1171064200,1171010900,송파구,문정2동,문정2동,장지동,장지동,송파구 문정2동,송파구 문정2동
11240810.0,1171064600,1171010800,송파구,장지동,장지동,문정동,문정동,송파구 장지동,송파구 장지동
11240810.0,1171064600,1171010900,송파구,장지동,장지동,장지동,장지동,송파구 장지동,송파구 장지동
11240820.0,1171064700,1171010900,송파구,위례동,위례동,장지동,장지동,송파구 위례동,송파구 위례동
11240820.0,1171064700,1171011300,송파구,위례동,위례동,거여동,거여동,송파구 위례동,송파구 위례동
11240710.0,1171065000,1171010100,송파구,잠실본동,잠실본동,잠실동,잠실동,송파구 잠실본동,송파구 잠실본동
11240790.0,1171067000,1171010100,송파구,잠실2동,잠실2동,잠실동,잠실동,송파구 잠실2동,송파구 잠실2동
11240800.0,1171068000,1171010100,송파구,잠실3동,잠실3동,잠실동,잠실동,송파구 잠실3동,송파구 잠실3동
11240750.0,1171069000,1171010200,송파구,잠실4동,잠실4동,신천동,신천동,송파구 잠실4동,송파구 잠실4동
11240770.0,1171071000,1171010200,송파구,잠실6동,잠실6동,신천동,신천동,송파구 잠실6동,송파구 잠실6동
11240780.0,1171072000,1171010100,송파구,잠실7동,잠실7동,잠실동,잠실동,송파구 잠실7동,송파구 잠실7동
11250750.0,1174051500,1174011000,강동구,강일동,강일동,강일동,강일동,강동구 강일동,강동구 강일동
11250760.0,1174052500,1174010300,강동구,상일1동,상일제1동,상일동,상일동,강동구 상일1동,강동구 상일제1동
11250770.0,1174052600,1174010300,강동구,상일2동,상일제2동,상일동,상일동,강동구 상일2동,강동구 상일제2동
11250530.0,1174053000,1174010100,강동구,명일1동,명일제1동,명일동,명일동,강동구 명일1동,강동구 명일제1동
11250540.0,1174054000,1174010100,강동구,명일2동,명일제2동,명일동,명일동,강동구 명일2동,강동구 명일제2동
11250550.0,1174055000,1174010200,강동구,고덕1동,고덕제1동,고덕동,고덕동,강동구 고덕1동,강동구 고덕제1동
11250560.0,1174056000,1174010200,강동구,고덕2동,고덕제2동,고덕동,고덕동,강동구 고덕2동,강동구 고덕제2동
11250720.0,1174057000,1174010700,강동구,암사1동,암사제1동,암사동,암사동,강동구 암사1동,강동구 암사제1동
11250580.0,1174058000,1174010700,강동구,암사2동,암사제2동,암사동,암사동,강동구 암사2동,강동구 암사제2동
11250590.0,1174059000,1174010700,강동구,암사3동,암사제3동,암사동,암사동,강동구 암사3동,강동구 암사제3동
11250610.0,1174060000,1174010900,강동구,천호1동,천호제1동,천호동,천호동,강동구 천호1동,강동구 천호제1동
11250730.0,1174061000,1174010900,강동구,천호2동,천호제2동,천호동,천호동,강동구 천호2동,강동구 천호제2동
11250630.0,1174062000,1174010900,강동구,천호3동,천호제3동,천호동,천호동,강동구 천호3동,강동구 천호제3동
11250650.0,1174064000,1174010800,강동구,성내1동,성내제1동,성내동,성내동,강동구 성내1동,강동구 성내제1동
11250660.0,1174065000,1174010800,강동구,성내2동,성내제2동,성내동,성내동,강동구 성내2동,강동구 성내제2동
11250670.0,1174066000,1174010800,강동구,성내3동,성내제3동,성내동,성내동,강동구 성내3동,강동구 성내제3동
11250740.0,1174068500,1174010500,강동구,길동,길동,길동,길동,강동구 길동,강동구 길동
11250700.0,1174069000,1174010600,강동구,둔촌1동,둔촌제1동,둔촌동,둔촌동,강동구 둔촌1동,강동구 둔촌제1동
11250710.0,1174070000,1174010600,강동구,둔촌2동,둔촌제2동,둔촌동,둔촌동,강동구 둔촌2동,강동구 둔촌제2동
